API,mode,iteration,key dp,provisional candidate,resolved production class,template,supportsBundledFonts,fit ns,compose ns,instrumented entry ns,bitmap width px,bitmap height px,bitmap bytes,Parcel bytes,evidence
34,A,1,363.42856x537.1429,SQUARE,CARD,TIME_FIRST,false,356695770,11964308,439390385,636,940,2391360,3296,s-20261008-012219-ZY22GSDPFW/0005-logs/logcat_main.txt
34,A,1,667.4286x281.14285,LARGE,CARD,TIME_FIRST,false,167250385,14944538,284151384,1168,492,2298624,3296,s-20261008-012219-ZY22GSDPFW/0005-logs/logcat_main.txt
34,A,2,363.42856x537.1429,SQUARE,CARD,TIME_FIRST,false,198255923,10400307,282733230,636,940,2391360,3296,s-20261008-012219-ZY22GSDPFW/0005-logs/logcat_main.txt
34,A,2,667.4286x281.14285,LARGE,CARD,TIME_FIRST,false,169285462,10892308,224534846,1168,492,2298624,3296,s-20261008-012219-ZY22GSDPFW/0005-logs/logcat_main.txt
34,A,3,363.42856x537.1429,SQUARE,CARD,TIME_FIRST,false,118235077,11443385,171667615,636,940,2391360,3296,s-20261008-012219-ZY22GSDPFW/0005-logs/logcat_main.txt
34,A,3,667.4286x281.14285,LARGE,CARD,TIME_FIRST,false,109638462,10937770,165754538,1168,492,2298624,3296,s-20261008-012219-ZY22GSDPFW/0005-logs/logcat_main.txt
34,A,4,363.42856x537.1429,SQUARE,CARD,TIME_FIRST,false,117579077,11341539,172925770,636,940,2391360,3296,s-20261008-012219-ZY22GSDPFW/0005-logs/logcat_main.txt
34,A,4,667.4286x281.14285,LARGE,CARD,TIME_FIRST,false,122223077,11096000,181738769,1168,492,2298624,3296,s-20261008-012219-ZY22GSDPFW/0005-logs/logcat_main.txt
34,A,5,363.42856x537.1429,SQUARE,CARD,TIME_FIRST,false,126206153,11549308,179616615,636,940,2391360,3296,s-20261008-012219-ZY22GSDPFW/0005-logs/logcat_main.txt
34,A,5,667.4286x281.14285,LARGE,CARD,TIME_FIRST,false,110907462,11112923,184778462,1168,492,2298624,3296,s-20261008-012219-ZY22GSDPFW/0005-logs/logcat_main.txt
34,A,6,363.42856x537.1429,SQUARE,CARD,TIME_FIRST,false,114494846,11414846,184143000,636,940,2391360,3296,s-20261008-012219-ZY22GSDPFW/0005-logs/logcat_main.txt
34,A,6,667.4286x281.14285,LARGE,CARD,TIME_FIRST,false,108240308,10815308,178008923,1168,492,2298624,3296,s-20261008-012219-ZY22GSDPFW/0005-logs/logcat_main.txt
34,A,7,363.42856x537.1429,SQUARE,CARD,TIME_FIRST,false,114906538,11487385,185333461,636,940,2391360,3296,s-20261008-012219-ZY22GSDPFW/0005-logs/logcat_main.txt
34,A,7,667.4286x281.14285,LARGE,CARD,TIME_FIRST,false,107315385,9808615,181775692,1168,492,2298624,3296,s-20261008-012219-ZY22GSDPFW/0005-logs/logcat_main.txt
34,A,8,363.42856x537.1429,SQUARE,CARD,TIME_FIRST,false,114312077,11277307,186553846,636,940,2391360,3296,s-20261008-012219-ZY22GSDPFW/0005-logs/logcat_main.txt
34,A,8,667.4286x281.14285,LARGE,CARD,TIME_FIRST,false,107464000,10731077,177438384,1168,492,2298624,3296,s-20261008-012219-ZY22GSDPFW/0005-logs/logcat_main.txt
34,A,9,363.42856x537.1429,SQUARE,CARD,TIME_FIRST,false,115433461,11257461,197349000,636,940,2391360,3296,s-20261008-012219-ZY22GSDPFW/0005-logs/logcat_main.txt
34,A,9,667.4286x281.14285,LARGE,CARD,TIME_FIRST,false,111488308,10031615,182611077,1168,492,2298624,3296,s-20261008-012219-ZY22GSDPFW/0005-logs/logcat_main.txt
34,A,10,363.42856x537.1429,SQUARE,CARD,TIME_FIRST,false,116020308,11369000,189837846,636,940,2391360,3296,s-20261008-012219-ZY22GSDPFW/0005-logs/logcat_main.txt
34,A,10,667.4286x281.14285,LARGE,CARD,TIME_FIRST,false,108863308,10970384,182104692,1168,492,2298624,3296,s-20261008-012219-ZY22GSDPFW/0005-logs/logcat_main.txt
34,A,11,363.42856x537.1429,SQUARE,CARD,TIME_FIRST,false,128568692,12822154,186213230,636,940,2391360,3296,s-20261008-012219-ZY22GSDPFW/0005-logs/logcat_main.txt
34,A,11,667.4286x281.14285,LARGE,CARD,TIME_FIRST,false,117284308,12740076,173496384,1168,492,2298624,3296,s-20261008-012219-ZY22GSDPFW/0005-logs/logcat_main.txt
34,A,12,363.42856x537.1429,SQUARE,CARD,TIME_FIRST,false,128647077,11120385,185296923,636,940,2391360,3296,s-20261008-012219-ZY22GSDPFW/0005-logs/logcat_main.txt
34,A,12,667.4286x281.14285,LARGE,CARD,TIME_FIRST,false,118502231,13209308,183857000,1168,492,2298624,3296,s-20261008-012219-ZY22GSDPFW/0005-logs/logcat_main.txt
34,A,13,363.42856x537.1429,SQUARE,CARD,TIME_FIRST,false,124404615,11362770,178348615,636,940,2391360,3296,s-20261008-012219-ZY22GSDPFW/0005-logs/logcat_main.txt
34,A,13,667.4286x281.14285,LARGE,CARD,TIME_FIRST,false,115769538,12551076,172229154,1168,492,2298624,3296,s-20261008-012219-ZY22GSDPFW/0005-logs/logcat_main.txt
34,A,14,363.42856x537.1429,SQUARE,CARD,TIME_FIRST,false,123025461,11091692,186190231,636,940,2391360,3296,s-20261008-012219-ZY22GSDPFW/0005-logs/logcat_main.txt
34,A,14,667.4286x281.14285,LARGE,CARD,TIME_FIRST,false,118270231,10977616,179530769,1168,492,2298624,3296,s-20261008-012219-ZY22GSDPFW/0005-logs/logcat_main.txt
34,A,15,363.42856x537.1429,SQUARE,CARD,TIME_FIRST,false,121699077,12837769,181187153,636,940,2391360,3296,s-20261008-012219-ZY22GSDPFW/0005-logs/logcat_main.txt
34,A,15,667.4286x281.14285,LARGE,CARD,TIME_FIRST,false,117204230,11236847,173549539,1168,492,2298624,3296,s-20261008-012219-ZY22GSDPFW/0005-logs/logcat_main.txt
34,A,16,363.42856x537.1429,SQUARE,CARD,TIME_FIRST,false,126075769,11147615,182657769,636,940,2391360,3296,s-20261008-012219-ZY22GSDPFW/0005-logs/logcat_main.txt
34,A,16,667.4286x281.14285,LARGE,CARD,TIME_FIRST,false,116745230,11026231,172306154,1168,492,2298624,3296,s-20261008-012219-ZY22GSDPFW/0005-logs/logcat_main.txt
34,A,17,363.42856x537.1429,SQUARE,CARD,TIME_FIRST,false,123465000,11236307,179896384,636,940,2391360,3296,s-20261008-012219-ZY22GSDPFW/0005-logs/logcat_main.txt
34,A,17,667.4286x281.14285,LARGE,CARD,TIME_FIRST,false,118765846,11042538,173486154,1168,492,2298624,3296,s-20261008-012219-ZY22GSDPFW/0005-logs/logcat_main.txt
34,A,18,363.42856x537.1429,SQUARE,CARD,TIME_FIRST,false,123076538,11117231,178715154,636,940,2391360,3296,s-20261008-012219-ZY22GSDPFW/0005-logs/logcat_main.txt
34,A,18,667.4286x281.14285,LARGE,CARD,TIME_FIRST,false,117672077,10929000,172588000,1168,492,2298624,3296,s-20261008-012219-ZY22GSDPFW/0005-logs/logcat_main.txt
34,A,19,363.42856x537.1429,SQUARE,CARD,TIME_FIRST,false,123905231,11057000,180208846,636,940,2391360,3296,s-20261008-012219-ZY22GSDPFW/0005-logs/logcat_main.txt
34,A,19,667.4286x281.14285,LARGE,CARD,TIME_FIRST,false,118983308,11170077,173720616,1168,492,2298624,3296,s-20261008-012219-ZY22GSDPFW/0005-logs/logcat_main.txt
34,A,20,363.42856x537.1429,SQUARE,CARD,TIME_FIRST,false,124195385,11162769,177915077,636,940,2391360,3296,s-20261008-012219-ZY22GSDPFW/0005-logs/logcat_main.txt
34,A,20,667.4286x281.14285,LARGE,CARD,TIME_FIRST,false,115931077,10955077,168755615,1168,492,2298624,3296,s-20261008-012219-ZY22GSDPFW/0005-logs/logcat_main.txt
34,A,21,363.42856x537.1429,SQUARE,CARD,TIME_FIRST,false,125412000,11198154,179453462,636,940,2391360,3296,s-20261008-012219-ZY22GSDPFW/0005-logs/logcat_main.txt
34,A,21,667.4286x281.14285,LARGE,CARD,TIME_FIRST,false,116663692,10901231,170983308,1168,492,2298624,3296,s-20261008-012219-ZY22GSDPFW/0005-logs/logcat_main.txt
34,A,22,363.42856x537.1429,SQUARE,CARD,TIME_FIRST,false,129035000,10947077,182517539,636,940,2391360,3296,s-20261008-012219-ZY22GSDPFW/0005-logs/logcat_main.txt
34,A,22,667.4286x281.14285,LARGE,CARD,TIME_FIRST,false,114741769,10691385,168383693,1168,492,2298624,3296,s-20261008-012219-ZY22GSDPFW/0005-logs/logcat_main.txt
34,A,23,363.42856x537.1429,SQUARE,CARD,TIME_FIRST,false,122766153,11199308,176785154,636,940,2391360,3296,s-20261008-012219-ZY22GSDPFW/0005-logs/logcat_main.txt
34,A,23,667.4286x281.14285,LARGE,CARD,TIME_FIRST,false,115244307,10943692,168737539,1168,492,2298624,3296,s-20261008-012219-ZY22GSDPFW/0005-logs/logcat_main.txt
34,A,24,363.42856x537.1429,SQUARE,CARD,TIME_FIRST,false,123387077,11263923,178708923,636,940,2391360,3296,s-20261008-012219-ZY22GSDPFW/0005-logs/logcat_main.txt
34,A,24,667.4286x281.14285,LARGE,CARD,TIME_FIRST,false,117733461,10439616,176484384,1168,492,2298624,3296,s-20261008-012219-ZY22GSDPFW/0005-logs/logcat_main.txt
34,A,25,363.42856x537.1429,SQUARE,CARD,TIME_FIRST,false,137807000,11246461,195679000,636,940,2391360,3296,s-20261008-012219-ZY22GSDPFW/0005-logs/logcat_main.txt
34,A,25,667.4286x281.14285,LARGE,CARD,TIME_FIRST,false,114653615,10757847,168924230,1168,492,2298624,3296,s-20261008-012219-ZY22GSDPFW/0005-logs/logcat_main.txt
34,A,26,363.42856x537.1429,SQUARE,CARD,TIME_FIRST,false,130428846,10459077,183319077,636,940,2391360,3296,s-20261008-012219-ZY22GSDPFW/0005-logs/logcat_main.txt
34,A,26,667.4286x281.14285,LARGE,CARD,TIME_FIRST,false,116116846,11106154,171032077,1168,492,2298624,3296,s-20261008-012219-ZY22GSDPFW/0005-logs/logcat_main.txt
34,A,27,363.42856x537.1429,SQUARE,CARD,TIME_FIRST,false,126088615,11067923,182453307,636,940,2391360,3296,s-20261008-012219-ZY22GSDPFW/0005-logs/logcat_main.txt
34,A,27,667.4286x281.14285,LARGE,CARD,TIME_FIRST,false,116956615,11062538,171233769,1168,492,2298624,3296,s-20261008-012219-ZY22GSDPFW/0005-logs/logcat_main.txt
34,A,28,363.42856x537.1429,SQUARE,CARD,TIME_FIRST,false,123555462,11209538,178103692,636,940,2391360,3296,s-20261008-012219-ZY22GSDPFW/0005-logs/logcat_main.txt
34,A,28,667.4286x281.14285,LARGE,CARD,TIME_FIRST,false,115638462,11084307,170693539,1168,492,2298624,3296,s-20261008-012219-ZY22GSDPFW/0005-logs/logcat_main.txt
34,A,29,363.42856x537.1429,SQUARE,CARD,TIME_FIRST,false,121817307,11120308,177359769,636,940,2391360,3296,s-20261008-012219-ZY22GSDPFW/0005-logs/logcat_main.txt
34,A,29,667.4286x281.14285,LARGE,CARD,TIME_FIRST,false,116808077,10970846,174595385,1168,492,2298624,3296,s-20261008-012219-ZY22GSDPFW/0005-logs/logcat_main.txt
34,A,30,363.42856x537.1429,SQUARE,CARD,TIME_FIRST,false,125243462,11539693,183877615,636,940,2391360,3296,s-20261008-012219-ZY22GSDPFW/0005-logs/logcat_main.txt
34,A,30,667.4286x281.14285,LARGE,CARD,TIME_FIRST,false,117992616,11070462,171763307,1168,492,2298624,3296,s-20261008-012219-ZY22GSDPFW/0005-logs/logcat_main.txt
34,B,1,363.42856x537.1429,SQUARE,CARD,TIME_FIRST,false,133005231,11184000,186002461,636,940,2391360,3296,s-20261008-012219-ZY22GSDPFW/0006-logs/logcat_main.txt
34,B,1,667.4286x281.14285,LARGE,CARD,TIME_FIRST,false,122752000,11091385,176706231,1168,492,2298624,3296,s-20261008-012219-ZY22GSDPFW/0006-logs/logcat_main.txt
34,B,1,240.0x80.0,STRIP,STRIP,INLINE,false,118217231,2334462,152764385,420,140,235200,2932,s-20261008-012219-ZY22GSDPFW/0006-logs/logcat_main.txt
34,B,1,300.0x140.0,CARD,CARD,TIME_FIRST,false,131764000,3634077,177056308,525,245,514500,3296,s-20261008-012219-ZY22GSDPFW/0006-logs/logcat_main.txt
34,B,1,400.0x240.0,LARGE,CARD,TIME_FIRST,false,130052538,6343692,179133615,700,420,1176000,3296,s-20261008-012219-ZY22GSDPFW/0006-logs/logcat_main.txt
34,B,2,363.42856x537.1429,SQUARE,CARD,TIME_FIRST,false,140459077,11270770,201310692,636,940,2391360,3296,s-20261008-012219-ZY22GSDPFW/0006-logs/logcat_main.txt
34,B,2,667.4286x281.14285,LARGE,CARD,TIME_FIRST,false,120410846,9958154,176979462,1168,492,2298624,3296,s-20261008-012219-ZY22GSDPFW/0006-logs/logcat_main.txt
34,B,2,240.0x80.0,STRIP,STRIP,INLINE,false,99199923,2037539,147769539,420,140,235200,2932,s-20261008-012219-ZY22GSDPFW/0006-logs/logcat_main.txt
34,B,2,300.0x140.0,CARD,CARD,TIME_FIRST,false,118925231,3159384,182805615,525,245,514500,3296,s-20261008-012219-ZY22GSDPFW/0006-logs/logcat_main.txt
34,B,2,400.0x240.0,LARGE,CARD,TIME_FIRST,false,125932231,6221846,174432308,700,420,1176000,3296,s-20261008-012219-ZY22GSDPFW/0006-logs/logcat_main.txt
34,B,3,363.42856x537.1429,SQUARE,CARD,TIME_FIRST,false,116725000,11145231,170894154,636,940,2391360,3296,s-20261008-012219-ZY22GSDPFW/0006-logs/logcat_main.txt
34,B,3,667.4286x281.14285,LARGE,CARD,TIME_FIRST,false,120361846,10815385,173977230,1168,492,2298624,3296,s-20261008-012219-ZY22GSDPFW/0006-logs/logcat_main.txt
34,B,3,240.0x80.0,STRIP,STRIP,INLINE,false,112379077,1954154,145417616,420,140,235200,2932,s-20261008-012219-ZY22GSDPFW/0006-logs/logcat_main.txt
34,B,3,300.0x140.0,CARD,CARD,TIME_FIRST,false,130010077,3164000,184290846,525,245,514500,3296,s-20261008-012219-ZY22GSDPFW/0006-logs/logcat_main.txt
34,B,3,400.0x240.0,LARGE,CARD,TIME_FIRST,false,131483077,6258846,181419000,700,420,1176000,3296,s-20261008-012219-ZY22GSDPFW/0006-logs/logcat_main.txt
34,B,4,363.42856x537.1429,SQUARE,CARD,TIME_FIRST,false,137874847,13400615,196450461,636,940,2391360,3296,s-20261008-012219-ZY22GSDPFW/0006-logs/logcat_main.txt
34,B,4,667.4286x281.14285,LARGE,CARD,TIME_FIRST,false,103371385,19822077,169182231,1168,492,2298624,3296,s-20261008-012219-ZY22GSDPFW/0006-logs/logcat_main.txt
34,B,4,240.0x80.0,STRIP,STRIP,INLINE,false,94234770,2317539,129404077,420,140,235200,2932,s-20261008-012219-ZY22GSDPFW/0006-logs/logcat_main.txt
34,B,4,300.0x140.0,CARD,CARD,TIME_FIRST,false,127087154,3615154,173921615,525,245,514500,3296,s-20261008-012219-ZY22GSDPFW/0006-logs/logcat_main.txt
34,B,4,400.0x240.0,LARGE,CARD,TIME_FIRST,false,129803692,6086384,177365846,700,420,1176000,3296,s-20261008-012219-ZY22GSDPFW/0006-logs/logcat_main.txt
34,B,5,363.42856x537.1429,SQUARE,CARD,TIME_FIRST,false,129542461,11307615,182627384,636,940,2391360,3296,s-20261008-012219-ZY22GSDPFW/0006-logs/logcat_main.txt
34,B,5,667.4286x281.14285,LARGE,CARD,TIME_FIRST,false,116812000,11011077,170008077,1168,492,2298624,3296,s-20261008-012219-ZY22GSDPFW/0006-logs/logcat_main.txt
34,B,5,240.0x80.0,STRIP,STRIP,INLINE,false,104659153,2291692,140260307,420,140,235200,2932,s-20261008-012219-ZY22GSDPFW/0006-logs/logcat_main.txt
34,B,5,300.0x140.0,CARD,CARD,TIME_FIRST,false,111874384,3567385,175438769,525,245,514500,3296,s-20261008-012219-ZY22GSDPFW/0006-logs/logcat_main.txt
34,B,5,400.0x240.0,LARGE,CARD,TIME_FIRST,false,110946230,5921615,178450846,700,420,1176000,3296,s-20261008-012219-ZY22GSDPFW/0006-logs/logcat_main.txt
34,B,6,363.42856x537.1429,SQUARE,CARD,TIME_FIRST,false,111741538,11653846,183014693,636,940,2391360,3296,s-20261008-012219-ZY22GSDPFW/0006-logs/logcat_main.txt
34,B,6,667.4286x281.14285,LARGE,CARD,TIME_FIRST,false,110536385,10904846,162046769,1168,492,2298624,3296,s-20261008-012219-ZY22GSDPFW/0006-logs/logcat_main.txt
34,B,6,240.0x80.0,STRIP,STRIP,INLINE,false,111638154,2175385,146149847,420,140,235200,2932,s-20261008-012219-ZY22GSDPFW/0006-logs/logcat_main.txt
34,B,6,300.0x140.0,CARD,CARD,TIME_FIRST,false,125017616,3559616,171616000,525,245,514500,3296,s-20261008-012219-ZY22GSDPFW/0006-logs/logcat_main.txt
34,B,6,400.0x240.0,LARGE,CARD,TIME_FIRST,false,122284231,6385461,179539769,700,420,1176000,3296,s-20261008-012219-ZY22GSDPFW/0006-logs/logcat_main.txt
34,B,7,363.42856x537.1429,SQUARE,CARD,TIME_FIRST,false,123175923,11863462,177956230,636,940,2391360,3296,s-20261008-012219-ZY22GSDPFW/0006-logs/logcat_main.txt
34,B,7,667.4286x281.14285,LARGE,CARD,TIME_FIRST,false,103135770,11025539,173878692,1168,492,2298624,3296,s-20261008-012219-ZY22GSDPFW/0006-logs/logcat_main.txt
34,B,7,240.0x80.0,STRIP,STRIP,INLINE,false,93275000,2222769,129235154,420,140,235200,2932,s-20261008-012219-ZY22GSDPFW/0006-logs/logcat_main.txt
34,B,7,300.0x140.0,CARD,CARD,TIME_FIRST,false,130281538,3416692,175085000,525,245,514500,3296,s-20261008-012219-ZY22GSDPFW/0006-logs/logcat_main.txt
34,B,7,400.0x240.0,LARGE,CARD,TIME_FIRST,false,132092385,6279692,181169462,700,420,1176000,3296,s-20261008-012219-ZY22GSDPFW/0006-logs/logcat_main.txt
34,B,8,363.42856x537.1429,SQUARE,CARD,TIME_FIRST,false,135804077,11311693,188586154,636,940,2391360,3296,s-20261008-012219-ZY22GSDPFW/0006-logs/logcat_main.txt
34,B,8,667.4286x281.14285,LARGE,CARD,TIME_FIRST,false,116010693,11037462,169175308,1168,492,2298624,3296,s-20261008-012219-ZY22GSDPFW/0006-logs/logcat_main.txt
34,B,8,240.0x80.0,STRIP,STRIP,INLINE,false,106191000,2237000,141823000,420,140,235200,2932,s-20261008-012219-ZY22GSDPFW/0006-logs/logcat_main.txt
34,B,8,300.0x140.0,CARD,CARD,TIME_FIRST,false,113037616,3403154,186252615,525,245,514500,3296,s-20261008-012219-ZY22GSDPFW/0006-logs/logcat_main.txt
34,B,8,400.0x240.0,LARGE,CARD,TIME_FIRST,false,120289153,6306693,190213616,700,420,1176000,3296,s-20261008-012219-ZY22GSDPFW/0006-logs/logcat_main.txt
34,B,9,363.42856x537.1429,SQUARE,CARD,TIME_FIRST,false,111914693,11547385,182247769,636,940,2391360,3296,s-20261008-012219-ZY22GSDPFW/0006-logs/logcat_main.txt
34,B,9,667.4286x281.14285,LARGE,CARD,TIME_FIRST,false,107665154,10640230,161880539,1168,492,2298624,3296,s-20261008-012219-ZY22GSDPFW/0006-logs/logcat_main.txt
34,B,9,240.0x80.0,STRIP,STRIP,INLINE,false,112029308,2274769,149959385,420,140,235200,2932,s-20261008-012219-ZY22GSDPFW/0006-logs/logcat_main.txt
34,B,9,300.0x140.0,CARD,CARD,TIME_FIRST,false,122448539,3428923,169285154,525,245,514500,3296,s-20261008-012219-ZY22GSDPFW/0006-logs/logcat_main.txt
34,B,9,400.0x240.0,LARGE,CARD,TIME_FIRST,false,122664000,6145769,171263384,700,420,1176000,3296,s-20261008-012219-ZY22GSDPFW/0006-logs/logcat_main.txt
34,B,10,363.42856x537.1429,SQUARE,CARD,TIME_FIRST,false,123479770,13262154,180039461,636,940,2391360,3296,s-20261008-012219-ZY22GSDPFW/0006-logs/logcat_main.txt
34,B,10,667.4286x281.14285,LARGE,CARD,TIME_FIRST,false,103824077,20729846,171625539,1168,492,2298624,3296,s-20261008-012219-ZY22GSDPFW/0006-logs/logcat_main.txt
34,B,10,240.0x80.0,STRIP,STRIP,INLINE,false,94512230,2203077,133038231,420,140,235200,2932,s-20261008-012219-ZY22GSDPFW/0006-logs/logcat_main.txt
34,B,10,300.0x140.0,CARD,CARD,TIME_FIRST,false,132223385,3335616,181912000,525,245,514500,3296,s-20261008-012219-ZY22GSDPFW/0006-logs/logcat_main.txt
34,B,10,400.0x240.0,LARGE,CARD,TIME_FIRST,false,131658769,6248230,179921539,700,420,1176000,3296,s-20261008-012219-ZY22GSDPFW/0006-logs/logcat_main.txt
34,B,11,363.42856x537.1429,SQUARE,CARD,TIME_FIRST,false,133245846,11025615,185468000,636,940,2391360,3296,s-20261008-012219-ZY22GSDPFW/0006-logs/logcat_main.txt
34,B,11,667.4286x281.14285,LARGE,CARD,TIME_FIRST,false,118251692,11075154,170886538,1168,492,2298624,3296,s-20261008-012219-ZY22GSDPFW/0006-logs/logcat_main.txt
34,B,11,240.0x80.0,STRIP,STRIP,INLINE,false,109052846,2392615,144677769,420,140,235200,2932,s-20261008-012219-ZY22GSDPFW/0006-logs/logcat_main.txt
34,B,11,300.0x140.0,CARD,CARD,TIME_FIRST,false,111600000,3616000,175806154,525,245,514500,3296,s-20261008-012219-ZY22GSDPFW/0006-logs/logcat_main.txt
34,B,11,400.0x240.0,LARGE,CARD,TIME_FIRST,false,110751769,6478154,177757847,700,420,1176000,3296,s-20261008-012219-ZY22GSDPFW/0006-logs/logcat_main.txt
34,B,12,363.42856x537.1429,SQUARE,CARD,TIME_FIRST,false,111913308,11268384,182786154,636,940,2391360,3296,s-20261008-012219-ZY22GSDPFW/0006-logs/logcat_main.txt
34,B,12,667.4286x281.14285,LARGE,CARD,TIME_FIRST,false,108642770,9869847,166845615,1168,492,2298624,3296,s-20261008-012219-ZY22GSDPFW/0006-logs/logcat_main.txt
34,B,12,240.0x80.0,STRIP,STRIP,INLINE,false,112170769,2161538,145775077,420,140,235200,2932,s-20261008-012219-ZY22GSDPFW/0006-logs/logcat_main.txt
34,B,12,300.0x140.0,CARD,CARD,TIME_FIRST,false,124220231,3393846,170428000,525,245,514500,3296,s-20261008-012219-ZY22GSDPFW/0006-logs/logcat_main.txt
34,B,12,400.0x240.0,LARGE,CARD,TIME_FIRST,false,122310154,6394692,171607308,700,420,1176000,3296,s-20261008-012219-ZY22GSDPFW/0006-logs/logcat_main.txt
34,B,13,363.42856x537.1429,SQUARE,CARD,TIME_FIRST,false,122345847,11072846,176808538,636,940,2391360,3296,s-20261008-012219-ZY22GSDPFW/0006-logs/logcat_main.txt
34,B,13,667.4286x281.14285,LARGE,CARD,TIME_FIRST,false,107713923,14869616,165618539,1168,492,2298624,3296,s-20261008-012219-ZY22GSDPFW/0006-logs/logcat_main.txt
34,B,13,240.0x80.0,STRIP,STRIP,INLINE,false,92917923,2134231,129245461,420,140,235200,2932,s-20261008-012219-ZY22GSDPFW/0006-logs/logcat_main.txt
34,B,13,300.0x140.0,CARD,CARD,TIME_FIRST,false,126278154,3316384,170667154,525,245,514500,3296,s-20261008-012219-ZY22GSDPFW/0006-logs/logcat_main.txt
34,B,13,400.0x240.0,LARGE,CARD,TIME_FIRST,false,130679692,6048615,179308846,700,420,1176000,3296,s-20261008-012219-ZY22GSDPFW/0006-logs/logcat_main.txt
34,B,14,363.42856x537.1429,SQUARE,CARD,TIME_FIRST,false,133848923,11235384,191933000,636,940,2391360,3296,s-20261008-012219-ZY22GSDPFW/0006-logs/logcat_main.txt
34,B,14,667.4286x281.14285,LARGE,CARD,TIME_FIRST,false,123656616,10763385,178073539,1168,492,2298624,3296,s-20261008-012219-ZY22GSDPFW/0006-logs/logcat_main.txt
34,B,14,240.0x80.0,STRIP,STRIP,INLINE,false,106483692,2222153,141835461,420,140,235200,2932,s-20261008-012219-ZY22GSDPFW/0006-logs/logcat_main.txt
34,B,14,300.0x140.0,CARD,CARD,TIME_FIRST,false,123591077,4467385,170053308,525,245,514500,3296,s-20261008-012219-ZY22GSDPFW/0006-logs/logcat_main.txt
34,B,14,400.0x240.0,LARGE,CARD,TIME_FIRST,false,110352923,5952385,178928077,700,420,1176000,3296,s-20261008-012219-ZY22GSDPFW/0006-logs/logcat_main.txt
34,B,15,363.42856x537.1429,SQUARE,CARD,TIME_FIRST,false,118220616,10976923,190275154,636,940,2391360,3296,s-20261008-012219-ZY22GSDPFW/0006-logs/logcat_main.txt
34,B,15,667.4286x281.14285,LARGE,CARD,TIME_FIRST,false,108398231,10901847,178295692,1168,492,2298624,3296,s-20261008-012219-ZY22GSDPFW/0006-logs/logcat_main.txt
34,B,15,240.0x80.0,STRIP,STRIP,INLINE,false,94366385,2231769,128354538,420,140,235200,2932,s-20261008-012219-ZY22GSDPFW/0006-logs/logcat_main.txt
34,B,15,300.0x140.0,CARD,CARD,TIME_FIRST,false,125321539,3538539,170655384,525,245,514500,3296,s-20261008-012219-ZY22GSDPFW/0006-logs/logcat_main.txt
34,B,15,400.0x240.0,LARGE,CARD,TIME_FIRST,false,123000307,6384308,171853616,700,420,1176000,3296,s-20261008-012219-ZY22GSDPFW/0006-logs/logcat_main.txt
34,B,16,363.42856x537.1429,SQUARE,CARD,TIME_FIRST,false,131469769,11537846,185341846,636,940,2391360,3296,s-20261008-012219-ZY22GSDPFW/0006-logs/logcat_main.txt
34,B,16,667.4286x281.14285,LARGE,CARD,TIME_FIRST,false,117112308,10678230,170973307,1168,492,2298624,3296,s-20261008-012219-ZY22GSDPFW/0006-logs/logcat_main.txt
34,B,16,240.0x80.0,STRIP,STRIP,INLINE,false,93040615,2137846,143563000,420,140,235200,2932,s-20261008-012219-ZY22GSDPFW/0006-logs/logcat_main.txt
34,B,16,300.0x140.0,CARD,CARD,TIME_FIRST,false,112240231,3404384,157032693,525,245,514500,3296,s-20261008-012219-ZY22GSDPFW/0006-logs/logcat_main.txt
34,B,16,400.0x240.0,LARGE,CARD,TIME_FIRST,false,129890385,6116615,179041846,700,420,1176000,3296,s-20261008-012219-ZY22GSDPFW/0006-logs/logcat_main.txt
34,B,17,363.42856x537.1429,SQUARE,CARD,TIME_FIRST,false,136944846,11647384,191564307,636,940,2391360,3296,s-20261008-012219-ZY22GSDPFW/0006-logs/logcat_main.txt
34,B,17,667.4286x281.14285,LARGE,CARD,TIME_FIRST,false,123947615,10862692,175622461,1168,492,2298624,3296,s-20261008-012219-ZY22GSDPFW/0006-logs/logcat_main.txt
34,B,17,240.0x80.0,STRIP,STRIP,INLINE,false,106190231,2241923,140816923,420,140,235200,2932,s-20261008-012219-ZY22GSDPFW/0006-logs/logcat_main.txt
34,B,17,300.0x140.0,CARD,CARD,TIME_FIRST,false,123669769,3489846,170142846,525,245,514500,3296,s-20261008-012219-ZY22GSDPFW/0006-logs/logcat_main.txt
34,B,17,400.0x240.0,LARGE,CARD,TIME_FIRST,false,110277539,6237616,177709846,700,420,1176000,3296,s-20261008-012219-ZY22GSDPFW/0006-logs/logcat_main.txt
34,B,18,363.42856x537.1429,SQUARE,CARD,TIME_FIRST,false,112659461,11146538,188555308,636,940,2391360,3296,s-20261008-012219-ZY22GSDPFW/0006-logs/logcat_main.txt
34,B,18,667.4286x281.14285,LARGE,CARD,TIME_FIRST,false,104354154,10809923,174672615,1168,492,2298624,3296,s-20261008-012219-ZY22GSDPFW/0006-logs/logcat_main.txt
34,B,18,240.0x80.0,STRIP,STRIP,INLINE,false,93375000,2174770,126612385,420,140,235200,2932,s-20261008-012219-ZY22GSDPFW/0006-logs/logcat_main.txt
34,B,18,300.0x140.0,CARD,CARD,TIME_FIRST,false,129721539,3404000,174191154,525,245,514500,3296,s-20261008-012219-ZY22GSDPFW/0006-logs/logcat_main.txt
34,B,18,400.0x240.0,LARGE,CARD,TIME_FIRST,false,122629461,6290154,170545923,700,420,1176000,3296,s-20261008-012219-ZY22GSDPFW/0006-logs/logcat_main.txt
34,B,19,363.42856x537.1429,SQUARE,CARD,TIME_FIRST,false,133155385,11125846,186572923,636,940,2391360,3296,s-20261008-012219-ZY22GSDPFW/0006-logs/logcat_main.txt
34,B,19,667.4286x281.14285,LARGE,CARD,TIME_FIRST,false,114660923,10774462,166847769,1168,492,2298624,3296,s-20261008-012219-ZY22GSDPFW/0006-logs/logcat_main.txt
34,B,19,240.0x80.0,STRIP,STRIP,INLINE,false,94184000,2275384,147180923,420,140,235200,2932,s-20261008-012219-ZY22GSDPFW/0006-logs/logcat_main.txt
34,B,19,300.0x140.0,CARD,CARD,TIME_FIRST,false,111215077,3455692,157926077,525,245,514500,3296,s-20261008-012219-ZY22GSDPFW/0006-logs/logcat_main.txt
34,B,19,400.0x240.0,LARGE,CARD,TIME_FIRST,false,117293616,5866154,179428307,700,420,1176000,3296,s-20261008-012219-ZY22GSDPFW/0006-logs/logcat_main.txt
34,B,20,363.42856x537.1429,SQUARE,CARD,TIME_FIRST,false,132672846,11290230,184951923,636,940,2391360,3296,s-20261008-012219-ZY22GSDPFW/0006-logs/logcat_main.txt
34,B,20,667.4286x281.14285,LARGE,CARD,TIME_FIRST,false,121421924,10997615,175325923,1168,492,2298624,3296,s-20261008-012219-ZY22GSDPFW/0006-logs/logcat_main.txt
34,B,20,240.0x80.0,STRIP,STRIP,INLINE,false,105973307,2227692,142003923,420,140,235200,2932,s-20261008-012219-ZY22GSDPFW/0006-logs/logcat_main.txt
34,B,20,300.0x140.0,CARD,CARD,TIME_FIRST,false,122594461,3433923,169586461,525,245,514500,3296,s-20261008-012219-ZY22GSDPFW/0006-logs/logcat_main.txt
34,B,20,400.0x240.0,LARGE,CARD,TIME_FIRST,false,128128231,6932308,178297231,700,420,1176000,3296,s-20261008-012219-ZY22GSDPFW/0006-logs/logcat_main.txt
34,B,21,363.42856x537.1429,SQUARE,CARD,TIME_FIRST,false,111150231,11387308,190012385,636,940,2391360,3296,s-20261008-012219-ZY22GSDPFW/0006-logs/logcat_main.txt
34,B,21,667.4286x281.14285,LARGE,CARD,TIME_FIRST,false,105268539,10647923,177066154,1168,492,2298624,3296,s-20261008-012219-ZY22GSDPFW/0006-logs/logcat_main.txt
34,B,21,240.0x80.0,STRIP,STRIP,INLINE,false,95096615,2157538,126946693,420,140,235200,2932,s-20261008-012219-ZY22GSDPFW/0006-logs/logcat_main.txt
34,B,21,300.0x140.0,CARD,CARD,TIME_FIRST,false,133753000,3440846,179496615,525,245,514500,3296,s-20261008-012219-ZY22GSDPFW/0006-logs/logcat_main.txt
34,B,21,400.0x240.0,LARGE,CARD,TIME_FIRST,false,127623384,6176538,174840923,700,420,1176000,3296,s-20261008-012219-ZY22GSDPFW/0006-logs/logcat_main.txt
34,B,22,363.42856x537.1429,SQUARE,CARD,TIME_FIRST,false,124611077,11224000,176958538,636,940,2391360,3296,s-20261008-012219-ZY22GSDPFW/0006-logs/logcat_main.txt
34,B,22,667.4286x281.14285,LARGE,CARD,TIME_FIRST,false,116164077,10888385,170032615,1168,492,2298624,3296,s-20261008-012219-ZY22GSDPFW/0006-logs/logcat_main.txt
34,B,22,240.0x80.0,STRIP,STRIP,INLINE,false,94563923,2172384,150692000,420,140,235200,2932,s-20261008-012219-ZY22GSDPFW/0006-logs/logcat_main.txt
34,B,22,300.0x140.0,CARD,CARD,TIME_FIRST,false,117224616,3450231,183855308,525,245,514500,3296,s-20261008-012219-ZY22GSDPFW/0006-logs/logcat_main.txt
34,B,22,400.0x240.0,LARGE,CARD,TIME_FIRST,false,116789538,6315692,165033308,700,420,1176000,3296,s-20261008-012219-ZY22GSDPFW/0006-logs/logcat_main.txt
34,B,23,363.42856x537.1429,SQUARE,CARD,TIME_FIRST,false,112112923,11264923,164913846,636,940,2391360,3296,s-20261008-012219-ZY22GSDPFW/0006-logs/logcat_main.txt
34,B,23,667.4286x281.14285,LARGE,CARD,TIME_FIRST,false,126847385,10829846,180197923,1168,492,2298624,3296,s-20261008-012219-ZY22GSDPFW/0006-logs/logcat_main.txt
34,B,23,240.0x80.0,STRIP,STRIP,INLINE,false,116087000,2305154,151610384,420,140,235200,2932,s-20261008-012219-ZY22GSDPFW/0006-logs/logcat_main.txt
34,B,23,300.0x140.0,CARD,CARD,TIME_FIRST,false,126994693,3553539,172341231,525,245,514500,3296,s-20261008-012219-ZY22GSDPFW/0006-logs/logcat_main.txt
34,B,23,400.0x240.0,LARGE,CARD,TIME_FIRST,false,122324846,6373846,170982692,700,420,1176000,3296,s-20261008-012219-ZY22GSDPFW/0006-logs/logcat_main.txt
34,B,24,363.42856x537.1429,SQUARE,CARD,TIME_FIRST,false,124592000,12666077,182053231,636,940,2391360,3296,s-20261008-012219-ZY22GSDPFW/0006-logs/logcat_main.txt
34,B,24,667.4286x281.14285,LARGE,CARD,TIME_FIRST,false,102341769,10932923,176236307,1168,492,2298624,3296,s-20261008-012219-ZY22GSDPFW/0006-logs/logcat_main.txt
34,B,24,240.0x80.0,STRIP,STRIP,INLINE,false,97640692,2216615,130647461,420,140,235200,2932,s-20261008-012219-ZY22GSDPFW/0006-logs/logcat_main.txt
34,B,24,300.0x140.0,CARD,CARD,TIME_FIRST,false,131101154,3400307,175381308,525,245,514500,3296,s-20261008-012219-ZY22GSDPFW/0006-logs/logcat_main.txt
34,B,24,400.0x240.0,LARGE,CARD,TIME_FIRST,false,129041769,6155077,175785846,700,420,1176000,3296,s-20261008-012219-ZY22GSDPFW/0006-logs/logcat_main.txt
34,B,25,363.42856x537.1429,SQUARE,CARD,TIME_FIRST,false,128791923,11164692,180590154,636,940,2391360,3296,s-20261008-012219-ZY22GSDPFW/0006-logs/logcat_main.txt
34,B,25,667.4286x281.14285,LARGE,CARD,TIME_FIRST,false,117882693,10940846,174407077,1168,492,2298624,3296,s-20261008-012219-ZY22GSDPFW/0006-logs/logcat_main.txt
34,B,25,240.0x80.0,STRIP,STRIP,INLINE,false,106584693,2171154,156197539,420,140,235200,2932,s-20261008-012219-ZY22GSDPFW/0006-logs/logcat_main.txt
34,B,25,300.0x140.0,CARD,CARD,TIME_FIRST,false,116033154,3466769,179544615,525,245,514500,3296,s-20261008-012219-ZY22GSDPFW/0006-logs/logcat_main.txt
34,B,25,400.0x240.0,LARGE,CARD,TIME_FIRST,false,111558462,6356846,178001461,700,420,1176000,3296,s-20261008-012219-ZY22GSDPFW/0006-logs/logcat_main.txt
34,B,26,363.42856x537.1429,SQUARE,CARD,TIME_FIRST,false,124575770,11648308,185021539,636,940,2391360,3296,s-20261008-012219-ZY22GSDPFW/0006-logs/logcat_main.txt
34,B,26,667.4286x281.14285,LARGE,CARD,TIME_FIRST,false,124443154,10697000,175300000,1168,492,2298624,3296,s-20261008-012219-ZY22GSDPFW/0006-logs/logcat_main.txt
34,B,26,240.0x80.0,STRIP,STRIP,INLINE,false,113101538,2153230,147358692,420,140,235200,2932,s-20261008-012219-ZY22GSDPFW/0006-logs/logcat_main.txt
34,B,26,300.0x140.0,CARD,CARD,TIME_FIRST,false,123252539,3366770,168992615,525,245,514500,3296,s-20261008-012219-ZY22GSDPFW/0006-logs/logcat_main.txt
34,B,26,400.0x240.0,LARGE,CARD,TIME_FIRST,false,122298770,6273615,170363384,700,420,1176000,3296,s-20261008-012219-ZY22GSDPFW/0006-logs/logcat_main.txt
34,B,27,363.42856x537.1429,SQUARE,CARD,TIME_FIRST,false,123530846,10471616,178445231,636,940,2391360,3296,s-20261008-012219-ZY22GSDPFW/0006-logs/logcat_main.txt
34,B,27,667.4286x281.14285,LARGE,CARD,TIME_FIRST,false,103010769,11024307,176109462,1168,492,2298624,3296,s-20261008-012219-ZY22GSDPFW/0006-logs/logcat_main.txt
34,B,27,240.0x80.0,STRIP,STRIP,INLINE,false,94417538,2160846,127611616,420,140,235200,2932,s-20261008-012219-ZY22GSDPFW/0006-logs/logcat_main.txt
34,B,27,300.0x140.0,CARD,CARD,TIME_FIRST,false,129164000,3332615,173066077,525,245,514500,3296,s-20261008-012219-ZY22GSDPFW/0006-logs/logcat_main.txt
34,B,27,400.0x240.0,LARGE,CARD,TIME_FIRST,false,127993769,6167385,175786846,700,420,1176000,3296,s-20261008-012219-ZY22GSDPFW/0006-logs/logcat_main.txt
34,B,28,363.42856x537.1429,SQUARE,CARD,TIME_FIRST,false,136299308,11124538,189065231,636,940,2391360,3296,s-20261008-012219-ZY22GSDPFW/0006-logs/logcat_main.txt
34,B,28,667.4286x281.14285,LARGE,CARD,TIME_FIRST,false,117442539,10929539,171080000,1168,492,2298624,3296,s-20261008-012219-ZY22GSDPFW/0006-logs/logcat_main.txt
34,B,28,240.0x80.0,STRIP,STRIP,INLINE,false,106404615,2227385,141801000,420,140,235200,2932,s-20261008-012219-ZY22GSDPFW/0006-logs/logcat_main.txt
34,B,28,300.0x140.0,CARD,CARD,TIME_FIRST,false,112153539,3464923,176646384,525,245,514500,3296,s-20261008-012219-ZY22GSDPFW/0006-logs/logcat_main.txt
34,B,28,400.0x240.0,LARGE,CARD,TIME_FIRST,false,111538385,6292000,175160308,700,420,1176000,3296,s-20261008-012219-ZY22GSDPFW/0006-logs/logcat_main.txt
34,B,29,363.42856x537.1429,SQUARE,CARD,TIME_FIRST,false,112490692,10960615,165858153,636,940,2391360,3296,s-20261008-012219-ZY22GSDPFW/0006-logs/logcat_main.txt
34,B,29,667.4286x281.14285,LARGE,CARD,TIME_FIRST,false,121888923,10594539,173620384,1168,492,2298624,3296,s-20261008-012219-ZY22GSDPFW/0006-logs/logcat_main.txt
34,B,29,240.0x80.0,STRIP,STRIP,INLINE,false,112091923,2174231,146187385,420,140,235200,2932,s-20261008-012219-ZY22GSDPFW/0006-logs/logcat_main.txt
34,B,29,300.0x140.0,CARD,CARD,TIME_FIRST,false,123275693,3416616,168947924,525,245,514500,3296,s-20261008-012219-ZY22GSDPFW/0006-logs/logcat_main.txt
34,B,29,400.0x240.0,LARGE,CARD,TIME_FIRST,false,122023923,6223692,170572077,700,420,1176000,3296,s-20261008-012219-ZY22GSDPFW/0006-logs/logcat_main.txt
34,B,30,363.42856x537.1429,SQUARE,CARD,TIME_FIRST,false,123529615,11337231,181165846,636,940,2391360,3296,s-20261008-012219-ZY22GSDPFW/0006-logs/logcat_main.txt
34,B,30,667.4286x281.14285,LARGE,CARD,TIME_FIRST,false,105528308,10928923,176210153,1168,492,2298624,3296,s-20261008-012219-ZY22GSDPFW/0006-logs/logcat_main.txt
34,B,30,240.0x80.0,STRIP,STRIP,INLINE,false,93211692,2136000,125998077,420,140,235200,2932,s-20261008-012219-ZY22GSDPFW/0006-logs/logcat_main.txt
34,B,30,300.0x140.0,CARD,CARD,TIME_FIRST,false,128921923,3298462,172400615,525,245,514500,3296,s-20261008-012219-ZY22GSDPFW/0006-logs/logcat_main.txt
34,B,30,400.0x240.0,LARGE,CARD,TIME_FIRST,false,128325231,6236692,176222077,700,420,1176000,3296,s-20261008-012219-ZY22GSDPFW/0006-logs/logcat_main.txt
35,A,1,360.38095x483.8095,SQUARE,CARD,CENTER_STACK,false,620151500,11263500,1045659700,945,1269,4796820,3716,s-20261008-010141-emulator-5560/0008-logs/logcat_main.txt
35,A,1,360.38095x464.0,SQUARE,CARD,CENTER_STACK,false,241876300,10891400,356879000,946,1218,4608912,3716,s-20261008-010141-emulator-5560/0008-logs/logcat_main.txt
35,A,1,676.5714x281.14285,LARGE,CARD,CENTER_STACK,false,214312600,12881500,254451100,1699,706,4797976,3716,s-20261008-010141-emulator-5560/0008-logs/logcat_main.txt
35,A,2,360.38095x483.8095,SQUARE,CARD,CENTER_STACK,false,83095900,18455900,158175800,945,1269,4796820,3716,s-20261008-010141-emulator-5560/0008-logs/logcat_main.txt
35,A,2,360.38095x464.0,SQUARE,CARD,CENTER_STACK,false,42118700,17109100,78618800,946,1218,4608912,3716,s-20261008-010141-emulator-5560/0008-logs/logcat_main.txt
35,A,2,676.5714x281.14285,LARGE,CARD,CENTER_STACK,false,38057500,49196900,115521600,1699,706,4797976,3716,s-20261008-010141-emulator-5560/0008-logs/logcat_main.txt
35,A,3,360.38095x483.8095,SQUARE,CARD,CENTER_STACK,false,46115700,13901100,136654100,945,1269,4796820,3716,s-20261008-010141-emulator-5560/0008-logs/logcat_main.txt
35,A,3,360.38095x464.0,SQUARE,CARD,CENTER_STACK,false,125927900,111809300,252438600,946,1218,4608912,3716,s-20261008-010141-emulator-5560/0008-logs/logcat_main.txt
35,A,3,676.5714x281.14285,LARGE,CARD,CENTER_STACK,false,44047500,44276000,103409400,1699,706,4797976,3716,s-20261008-010141-emulator-5560/0008-logs/logcat_main.txt
35,A,4,360.38095x483.8095,SQUARE,CARD,CENTER_STACK,false,55599800,11022200,82934500,945,1269,4796820,3716,s-20261008-010141-emulator-5560/0008-logs/logcat_main.txt
35,A,4,360.38095x464.0,SQUARE,CARD,CENTER_STACK,false,41565200,12415800,70436700,946,1218,4608912,3716,s-20261008-010141-emulator-5560/0008-logs/logcat_main.txt
35,A,4,676.5714x281.14285,LARGE,CARD,CENTER_STACK,false,68615500,53607000,153045500,1699,706,4797976,3716,s-20261008-010141-emulator-5560/0008-logs/logcat_main.txt
35,A,5,360.38095x483.8095,SQUARE,CARD,CENTER_STACK,false,41579400,9926600,67473000,945,1269,4796820,3716,s-20261008-010141-emulator-5560/0008-logs/logcat_main.txt
35,A,5,360.38095x464.0,SQUARE,CARD,CENTER_STACK,false,38077300,8350700,61275600,946,1218,4608912,3716,s-20261008-010141-emulator-5560/0008-logs/logcat_main.txt
35,A,5,676.5714x281.14285,LARGE,CARD,CENTER_STACK,false,34703000,9706300,59254600,1699,706,4797976,3716,s-20261008-010141-emulator-5560/0008-logs/logcat_main.txt
35,A,6,360.38095x483.8095,SQUARE,CARD,CENTER_STACK,false,43616000,9117300,67916600,945,1269,4796820,3716,s-20261008-010141-emulator-5560/0008-logs/logcat_main.txt
35,A,6,360.38095x464.0,SQUARE,CARD,CENTER_STACK,false,40216500,9428600,65566700,946,1218,4608912,3716,s-20261008-010141-emulator-5560/0008-logs/logcat_main.txt
35,A,6,676.5714x281.14285,LARGE,CARD,CENTER_STACK,false,35604000,8155800,59211300,1699,706,4797976,3716,s-20261008-010141-emulator-5560/0008-logs/logcat_main.txt
35,A,7,360.38095x483.8095,SQUARE,CARD,CENTER_STACK,false,43695400,10477000,69227000,945,1269,4796820,3716,s-20261008-010141-emulator-5560/0008-logs/logcat_main.txt
35,A,7,360.38095x464.0,SQUARE,CARD,CENTER_STACK,false,38775100,8767100,62854700,946,1218,4608912,3716,s-20261008-010141-emulator-5560/0008-logs/logcat_main.txt
35,A,7,676.5714x281.14285,LARGE,CARD,CENTER_STACK,false,35503700,9378100,59960200,1699,706,4797976,3716,s-20261008-010141-emulator-5560/0008-logs/logcat_main.txt
35,A,8,360.38095x483.8095,SQUARE,CARD,CENTER_STACK,false,48543000,10482500,75283900,945,1269,4796820,3716,s-20261008-010141-emulator-5560/0008-logs/logcat_main.txt
35,A,8,360.38095x464.0,SQUARE,CARD,CENTER_STACK,false,41478400,10563800,71552800,946,1218,4608912,3716,s-20261008-010141-emulator-5560/0008-logs/logcat_main.txt
35,A,8,676.5714x281.14285,LARGE,CARD,CENTER_STACK,false,45564800,9976800,71382800,1699,706,4797976,3716,s-20261008-010141-emulator-5560/0008-logs/logcat_main.txt
35,A,9,360.38095x483.8095,SQUARE,CARD,CENTER_STACK,false,54902000,15143600,91813200,945,1269,4796820,3716,s-20261008-010141-emulator-5560/0008-logs/logcat_main.txt
35,A,9,360.38095x464.0,SQUARE,CARD,CENTER_STACK,false,55633300,9991800,82610700,946,1218,4608912,3716,s-20261008-010141-emulator-5560/0008-logs/logcat_main.txt
35,A,9,676.5714x281.14285,LARGE,CARD,CENTER_STACK,false,34472600,13600100,65206900,1699,706,4797976,3716,s-20261008-010141-emulator-5560/0008-logs/logcat_main.txt
35,A,10,360.38095x483.8095,SQUARE,CARD,CENTER_STACK,false,44859000,9625200,70442100,945,1269,4796820,3716,s-20261008-010141-emulator-5560/0008-logs/logcat_main.txt
35,A,10,360.38095x464.0,SQUARE,CARD,CENTER_STACK,false,49473900,13923500,80564200,946,1218,4608912,3716,s-20261008-010141-emulator-5560/0008-logs/logcat_main.txt
35,A,10,676.5714x281.14285,LARGE,CARD,CENTER_STACK,false,40736600,9728000,66735700,1699,706,4797976,3716,s-20261008-010141-emulator-5560/0008-logs/logcat_main.txt
35,A,11,360.38095x483.8095,SQUARE,CARD,CENTER_STACK,false,54091900,13528600,94795000,945,1269,4796820,3716,s-20261008-010141-emulator-5560/0008-logs/logcat_main.txt
35,A,11,360.38095x464.0,SQUARE,CARD,CENTER_STACK,false,68592600,14497700,102035100,946,1218,4608912,3716,s-20261008-010141-emulator-5560/0008-logs/logcat_main.txt
35,A,11,676.5714x281.14285,LARGE,CARD,CENTER_STACK,false,41361500,8954600,65728800,1699,706,4797976,3716,s-20261008-010141-emulator-5560/0008-logs/logcat_main.txt
35,A,12,360.38095x483.8095,SQUARE,CARD,CENTER_STACK,false,47137400,12415100,77660000,945,1269,4796820,3716,s-20261008-010141-emulator-5560/0008-logs/logcat_main.txt
35,A,12,360.38095x464.0,SQUARE,CARD,CENTER_STACK,false,46457800,13464500,75707400,946,1218,4608912,3716,s-20261008-010141-emulator-5560/0008-logs/logcat_main.txt
35,A,12,676.5714x281.14285,LARGE,CARD,CENTER_STACK,false,37763000,11629600,64229000,1699,706,4797976,3716,s-20261008-010141-emulator-5560/0008-logs/logcat_main.txt
35,A,13,360.38095x483.8095,SQUARE,CARD,CENTER_STACK,false,40279700,8942500,64756700,945,1269,4796820,3716,s-20261008-010141-emulator-5560/0008-logs/logcat_main.txt
35,A,13,360.38095x464.0,SQUARE,CARD,CENTER_STACK,false,39287100,9901500,64504600,946,1218,4608912,3716,s-20261008-010141-emulator-5560/0008-logs/logcat_main.txt
35,A,13,676.5714x281.14285,LARGE,CARD,CENTER_STACK,false,36672700,9287200,60853800,1699,706,4797976,3716,s-20261008-010141-emulator-5560/0008-logs/logcat_main.txt
35,A,14,360.38095x483.8095,SQUARE,CARD,CENTER_STACK,false,43812900,9402900,68742100,945,1269,4796820,3716,s-20261008-010141-emulator-5560/0008-logs/logcat_main.txt
35,A,14,360.38095x464.0,SQUARE,CARD,CENTER_STACK,false,39173000,11239500,68912800,946,1218,4608912,3716,s-20261008-010141-emulator-5560/0008-logs/logcat_main.txt
35,A,14,676.5714x281.14285,LARGE,CARD,CENTER_STACK,false,49500600,17598600,84072500,1699,706,4797976,3716,s-20261008-010141-emulator-5560/0008-logs/logcat_main.txt
35,A,15,360.38095x483.8095,SQUARE,CARD,CENTER_STACK,false,48284600,12319100,82431000,945,1269,4796820,3716,s-20261008-010141-emulator-5560/0008-logs/logcat_main.txt
35,A,15,360.38095x464.0,SQUARE,CARD,CENTER_STACK,false,44972900,18641100,79842600,946,1218,4608912,3716,s-20261008-010141-emulator-5560/0008-logs/logcat_main.txt
35,A,15,676.5714x281.14285,LARGE,CARD,CENTER_STACK,false,40355300,9899400,65373800,1699,706,4797976,3716,s-20261008-010141-emulator-5560/0008-logs/logcat_main.txt
35,A,16,360.38095x483.8095,SQUARE,CARD,CENTER_STACK,false,40998100,9597100,66479500,945,1269,4796820,3716,s-20261008-010141-emulator-5560/0008-logs/logcat_main.txt
35,A,16,360.38095x464.0,SQUARE,CARD,CENTER_STACK,false,38972300,9925600,66178100,946,1218,4608912,3716,s-20261008-010141-emulator-5560/0008-logs/logcat_main.txt
35,A,16,676.5714x281.14285,LARGE,CARD,CENTER_STACK,false,39233000,10731500,65904800,1699,706,4797976,3716,s-20261008-010141-emulator-5560/0008-logs/logcat_main.txt
35,A,17,360.38095x483.8095,SQUARE,CARD,CENTER_STACK,false,42031500,9103400,67060300,945,1269,4796820,3716,s-20261008-010141-emulator-5560/0008-logs/logcat_main.txt
35,A,17,360.38095x464.0,SQUARE,CARD,CENTER_STACK,false,37698400,8471700,60843000,946,1218,4608912,3716,s-20261008-010141-emulator-5560/0008-logs/logcat_main.txt
35,A,17,676.5714x281.14285,LARGE,CARD,CENTER_STACK,false,36762800,9116100,64497900,1699,706,4797976,3716,s-20261008-010141-emulator-5560/0008-logs/logcat_main.txt
35,A,18,360.38095x483.8095,SQUARE,CARD,CENTER_STACK,false,40430200,10465200,66208100,945,1269,4796820,3716,s-20261008-010141-emulator-5560/0008-logs/logcat_main.txt
35,A,18,360.38095x464.0,SQUARE,CARD,CENTER_STACK,false,38647100,9260400,63259700,946,1218,4608912,3716,s-20261008-010141-emulator-5560/0008-logs/logcat_main.txt
35,A,18,676.5714x281.14285,LARGE,CARD,CENTER_STACK,false,36173600,8965200,59178800,1699,706,4797976,3716,s-20261008-010141-emulator-5560/0008-logs/logcat_main.txt
35,A,19,360.38095x483.8095,SQUARE,CARD,CENTER_STACK,false,40624700,9513700,65390400,945,1269,4796820,3716,s-20261008-010141-emulator-5560/0008-logs/logcat_main.txt
35,A,19,360.38095x464.0,SQUARE,CARD,CENTER_STACK,false,38766300,9093300,62090000,946,1218,4608912,3716,s-20261008-010141-emulator-5560/0008-logs/logcat_main.txt
35,A,19,676.5714x281.14285,LARGE,CARD,CENTER_STACK,false,36915100,10067400,62051100,1699,706,4797976,3716,s-20261008-010141-emulator-5560/0008-logs/logcat_main.txt
35,A,20,360.38095x483.8095,SQUARE,CARD,CENTER_STACK,false,41072600,9104300,64973300,945,1269,4796820,3716,s-20261008-010141-emulator-5560/0008-logs/logcat_main.txt
35,A,20,360.38095x464.0,SQUARE,CARD,CENTER_STACK,false,37649600,7958800,59475200,946,1218,4608912,3716,s-20261008-010141-emulator-5560/0008-logs/logcat_main.txt
35,A,20,676.5714x281.14285,LARGE,CARD,CENTER_STACK,false,36355700,8874300,60309100,1699,706,4797976,3716,s-20261008-010141-emulator-5560/0008-logs/logcat_main.txt
35,A,21,360.38095x483.8095,SQUARE,CARD,CENTER_STACK,false,39831800,8713400,62852600,945,1269,4796820,3716,s-20261008-010141-emulator-5560/0008-logs/logcat_main.txt
35,A,21,360.38095x464.0,SQUARE,CARD,CENTER_STACK,false,38454100,8362100,61150900,946,1218,4608912,3716,s-20261008-010141-emulator-5560/0008-logs/logcat_main.txt
35,A,21,676.5714x281.14285,LARGE,CARD,CENTER_STACK,false,35352400,8937400,58401800,1699,706,4797976,3716,s-20261008-010141-emulator-5560/0008-logs/logcat_main.txt
35,A,22,360.38095x483.8095,SQUARE,CARD,CENTER_STACK,false,49106600,12586700,81406400,945,1269,4796820,3716,s-20261008-010141-emulator-5560/0008-logs/logcat_main.txt
35,A,22,360.38095x464.0,SQUARE,CARD,CENTER_STACK,false,47169500,14199700,79789100,946,1218,4608912,3716,s-20261008-010141-emulator-5560/0008-logs/logcat_main.txt
35,A,22,676.5714x281.14285,LARGE,CARD,CENTER_STACK,false,37521300,10290300,63132300,1699,706,4797976,3716,s-20261008-010141-emulator-5560/0008-logs/logcat_main.txt
35,A,23,360.38095x483.8095,SQUARE,CARD,CENTER_STACK,false,42602000,10057900,66835900,945,1269,4796820,3716,s-20261008-010141-emulator-5560/0008-logs/logcat_main.txt
35,A,23,360.38095x464.0,SQUARE,CARD,CENTER_STACK,false,38438400,10455900,64818500,946,1218,4608912,3716,s-20261008-010141-emulator-5560/0008-logs/logcat_main.txt
35,A,23,676.5714x281.14285,LARGE,CARD,CENTER_STACK,false,36089400,11414300,64440800,1699,706,4797976,3716,s-20261008-010141-emulator-5560/0008-logs/logcat_main.txt
35,A,24,360.38095x483.8095,SQUARE,CARD,CENTER_STACK,false,41588500,9769100,65544800,945,1269,4796820,3716,s-20261008-010141-emulator-5560/0008-logs/logcat_main.txt
35,A,24,360.38095x464.0,SQUARE,CARD,CENTER_STACK,false,37527700,9927900,60722400,946,1218,4608912,3716,s-20261008-010141-emulator-5560/0008-logs/logcat_main.txt
35,A,24,676.5714x281.14285,LARGE,CARD,CENTER_STACK,false,36122700,8988700,59661800,1699,706,4797976,3716,s-20261008-010141-emulator-5560/0008-logs/logcat_main.txt
35,A,25,360.38095x483.8095,SQUARE,CARD,CENTER_STACK,false,41589500,8402800,64072000,945,1269,4796820,3716,s-20261008-010141-emulator-5560/0008-logs/logcat_main.txt
35,A,25,360.38095x464.0,SQUARE,CARD,CENTER_STACK,false,35787400,8680200,58832400,946,1218,4608912,3716,s-20261008-010141-emulator-5560/0008-logs/logcat_main.txt
35,A,25,676.5714x281.14285,LARGE,CARD,CENTER_STACK,false,34492700,8909400,57512300,1699,706,4797976,3716,s-20261008-010141-emulator-5560/0008-logs/logcat_main.txt
35,A,26,360.38095x483.8095,SQUARE,CARD,CENTER_STACK,false,39530600,10030400,63839200,945,1269,4796820,3716,s-20261008-010141-emulator-5560/0008-logs/logcat_main.txt
35,A,26,360.38095x464.0,SQUARE,CARD,CENTER_STACK,false,37317200,7982300,59591700,946,1218,4608912,3716,s-20261008-010141-emulator-5560/0008-logs/logcat_main.txt
35,A,26,676.5714x281.14285,LARGE,CARD,CENTER_STACK,false,34020000,9577300,57088900,1699,706,4797976,3716,s-20261008-010141-emulator-5560/0008-logs/logcat_main.txt
35,A,27,360.38095x483.8095,SQUARE,CARD,CENTER_STACK,false,47585100,14414700,86314700,945,1269,4796820,3716,s-20261008-010141-emulator-5560/0008-logs/logcat_main.txt
35,A,27,360.38095x464.0,SQUARE,CARD,CENTER_STACK,false,51335400,11336300,80121000,946,1218,4608912,3716,s-20261008-010141-emulator-5560/0008-logs/logcat_main.txt
35,A,27,676.5714x281.14285,LARGE,CARD,CENTER_STACK,false,47500300,11723900,80449700,1699,706,4797976,3716,s-20261008-010141-emulator-5560/0008-logs/logcat_main.txt
35,A,28,360.38095x483.8095,SQUARE,CARD,CENTER_STACK,false,46133500,11643700,71551700,945,1269,4796820,3716,s-20261008-010141-emulator-5560/0008-logs/logcat_main.txt
35,A,28,360.38095x464.0,SQUARE,CARD,CENTER_STACK,false,40945000,10196800,75523200,946,1218,4608912,3716,s-20261008-010141-emulator-5560/0008-logs/logcat_main.txt
35,A,28,676.5714x281.14285,LARGE,CARD,CENTER_STACK,false,47668200,12772500,78524400,1699,706,4797976,3716,s-20261008-010141-emulator-5560/0008-logs/logcat_main.txt
35,A,29,360.38095x483.8095,SQUARE,CARD,CENTER_STACK,false,72031400,12041300,108986000,945,1269,4796820,3716,s-20261008-010141-emulator-5560/0008-logs/logcat_main.txt
35,A,29,360.38095x464.0,SQUARE,CARD,CENTER_STACK,false,75229700,11085500,105454800,946,1218,4608912,3716,s-20261008-010141-emulator-5560/0008-logs/logcat_main.txt
35,A,29,676.5714x281.14285,LARGE,CARD,CENTER_STACK,false,46152200,13788700,98068800,1699,706,4797976,3716,s-20261008-010141-emulator-5560/0008-logs/logcat_main.txt
35,A,30,360.38095x483.8095,SQUARE,CARD,CENTER_STACK,false,52065400,10271800,80429800,945,1269,4796820,3716,s-20261008-010141-emulator-5560/0008-logs/logcat_main.txt
35,A,30,360.38095x464.0,SQUARE,CARD,CENTER_STACK,false,42549100,9760300,66839100,946,1218,4608912,3716,s-20261008-010141-emulator-5560/0008-logs/logcat_main.txt
35,A,30,676.5714x281.14285,LARGE,CARD,CENTER_STACK,false,37110200,10797400,67310800,1699,706,4797976,3716,s-20261008-010141-emulator-5560/0008-logs/logcat_main.txt
35,B,1,360.38095x483.8095,SQUARE,CARD,CENTER_STACK,false,70600100,14056000,102525500,945,1269,4796820,3716,s-20261008-010141-emulator-5560/0009-logs/logcat_main.txt
35,B,1,360.38095x464.0,SQUARE,CARD,CENTER_STACK,false,50614800,13105700,80157300,946,1218,4608912,3716,s-20261008-010141-emulator-5560/0009-logs/logcat_main.txt
35,B,1,676.5714x281.14285,LARGE,CARD,CENTER_STACK,false,39406500,12148700,78198700,1699,706,4797976,3716,s-20261008-010141-emulator-5560/0009-logs/logcat_main.txt
35,B,1,240.0x80.0,STRIP,STRIP,INLINE,false,31276400,2084700,46626700,630,210,529200,3344,s-20261008-010141-emulator-5560/0009-logs/logcat_main.txt
35,B,1,300.0x140.0,CARD,CARD,CENTER_STACK,false,46127100,2837700,76218500,787,367,1155316,3716,s-20261008-010141-emulator-5560/0009-logs/logcat_main.txt
35,B,1,400.0x240.0,LARGE,CARD,CENTER_STACK,false,35788900,7562800,77097000,1050,630,2646000,3716,s-20261008-010141-emulator-5560/0009-logs/logcat_main.txt
