API,mode,iteration,accepted,provisional widget candidate,entry count,fit ns,compose ns,instrumented assembly ns,bitmap bytes,entry Parcel sum bytes,map Parcel bytes,evidence
34,A,1,True,SQUARE,2,523946155,26908846,752709231,4689984,6592,5148,s-20261008-012219-ZY22GSDPFW/0005-logs/logcat_main.txt
34,A,2,True,SQUARE,2,367541385,21292615,539283076,4689984,6592,5148,s-20261008-012219-ZY22GSDPFW/0005-logs/logcat_main.txt
34,A,3,True,SQUARE,2,227873539,22381155,355881538,4689984,6592,5148,s-20261008-012219-ZY22GSDPFW/0005-logs/logcat_main.txt
34,A,4,True,SQUARE,2,239802154,22437539,372896615,4689984,6592,5148,s-20261008-012219-ZY22GSDPFW/0005-logs/logcat_main.txt
34,A,5,True,SQUARE,2,237113615,22662231,383413615,4689984,6592,5148,s-20261008-012219-ZY22GSDPFW/0005-logs/logcat_main.txt
34,A,6,True,SQUARE,2,222735154,22230154,388068076,4689984,6592,5148,s-20261008-012219-ZY22GSDPFW/0005-logs/logcat_main.txt
34,A,7,True,SQUARE,2,222221923,21296000,391903615,4689984,6592,5148,s-20261008-012219-ZY22GSDPFW/0005-logs/logcat_main.txt
34,A,8,True,SQUARE,2,221776077,22008384,389335692,4689984,6592,5148,s-20261008-012219-ZY22GSDPFW/0005-logs/logcat_main.txt
34,A,9,True,SQUARE,2,226921769,21289076,404939385,4689984,6592,5148,s-20261008-012219-ZY22GSDPFW/0005-logs/logcat_main.txt
34,A,10,True,SQUARE,2,224883616,22339384,397062385,4689984,6592,5148,s-20261008-012219-ZY22GSDPFW/0005-logs/logcat_main.txt
34,A,11,True,SQUARE,2,245853000,25562230,385481770,4689984,6592,5148,s-20261008-012219-ZY22GSDPFW/0005-logs/logcat_main.txt
34,A,12,True,SQUARE,2,247149308,24329693,394644923,4689984,6592,5148,s-20261008-012219-ZY22GSDPFW/0005-logs/logcat_main.txt
34,A,13,True,SQUARE,2,240174153,23913846,375707615,4689984,6592,5148,s-20261008-012219-ZY22GSDPFW/0005-logs/logcat_main.txt
34,A,14,True,SQUARE,2,241295692,22069308,392043770,4689984,6592,5148,s-20261008-012219-ZY22GSDPFW/0005-logs/logcat_main.txt
34,A,15,True,SQUARE,2,238903307,24074616,380110231,4689984,6592,5148,s-20261008-012219-ZY22GSDPFW/0005-logs/logcat_main.txt
34,A,16,True,SQUARE,2,242820999,22173846,380135384,4689984,6592,5148,s-20261008-012219-ZY22GSDPFW/0005-logs/logcat_main.txt
34,A,17,True,SQUARE,2,242230846,22278845,377612538,4689984,6592,5148,s-20261008-012219-ZY22GSDPFW/0005-logs/logcat_main.txt
34,A,18,True,SQUARE,2,240748615,22046231,375658769,4689984,6592,5148,s-20261008-012219-ZY22GSDPFW/0005-logs/logcat_main.txt
34,A,19,True,SQUARE,2,242888539,22227077,378799923,4689984,6592,5148,s-20261008-012219-ZY22GSDPFW/0005-logs/logcat_main.txt
34,A,20,True,SQUARE,2,240126462,22117846,376988308,4689984,6592,5148,s-20261008-012219-ZY22GSDPFW/0005-logs/logcat_main.txt
34,A,21,True,SQUARE,2,242075692,22099385,375776924,4689984,6592,5148,s-20261008-012219-ZY22GSDPFW/0005-logs/logcat_main.txt
34,A,22,True,SQUARE,2,243776769,21638462,424220615,4689984,6592,5148,s-20261008-012219-ZY22GSDPFW/0005-logs/logcat_main.txt
34,A,23,True,SQUARE,2,238010460,22143000,370109154,4689984,6592,5148,s-20261008-012219-ZY22GSDPFW/0005-logs/logcat_main.txt
34,A,24,True,SQUARE,2,241120538,21703539,380266154,4689984,6592,5148,s-20261008-012219-ZY22GSDPFW/0005-logs/logcat_main.txt
34,A,25,True,SQUARE,2,252460615,22004308,400907693,4689984,6592,5148,s-20261008-012219-ZY22GSDPFW/0005-logs/logcat_main.txt
34,A,26,True,SQUARE,2,246545692,21565231,379719615,4689984,6592,5148,s-20261008-012219-ZY22GSDPFW/0005-logs/logcat_main.txt
34,A,27,True,SQUARE,2,243045230,22130461,378615077,4689984,6592,5148,s-20261008-012219-ZY22GSDPFW/0005-logs/logcat_main.txt
34,A,28,True,SQUARE,2,239193924,22293845,374283154,4689984,6592,5148,s-20261008-012219-ZY22GSDPFW/0005-logs/logcat_main.txt
34,A,29,True,SQUARE,2,238625384,22091154,376876693,4689984,6592,5148,s-20261008-012219-ZY22GSDPFW/0005-logs/logcat_main.txt
34,A,30,True,SQUARE,2,243236078,22610155,381567693,4689984,6592,5148,s-20261008-012219-ZY22GSDPFW/0005-logs/logcat_main.txt
34,B,1,True,SQUARE,5,635791000,34587616,921117615,6615684,16116,10256,s-20261008-012219-ZY22GSDPFW/0006-logs/logcat_main.txt
34,B,2,True,SQUARE,5,604927308,32647693,914024846,6615684,16116,10256,s-20261008-012219-ZY22GSDPFW/0006-logs/logcat_main.txt
34,B,3,True,SQUARE,5,610959077,33337616,884663077,6615684,16116,10256,s-20261008-012219-ZY22GSDPFW/0006-logs/logcat_main.txt
34,B,4,True,SQUARE,5,592371848,45241769,927049154,6615684,16116,10256,s-20261008-012219-ZY22GSDPFW/0006-logs/logcat_main.txt
34,B,5,True,SQUARE,5,573834228,34099384,875877231,6615684,16116,10256,s-20261008-012219-ZY22GSDPFW/0006-logs/logcat_main.txt
34,B,6,True,SQUARE,5,581217924,34679154,871446230,6615684,16116,10256,s-20261008-012219-ZY22GSDPFW/0006-logs/logcat_main.txt
34,B,7,True,SQUARE,5,581960616,34808154,866074077,6615684,16116,10256,s-20261008-012219-ZY22GSDPFW/0006-logs/logcat_main.txt
34,B,8,True,SQUARE,5,591332539,34296002,905550846,6615684,16116,10256,s-20261008-012219-ZY22GSDPFW/0006-logs/logcat_main.txt
34,B,9,True,SQUARE,5,576721694,34037076,863260539,6615684,16116,10256,s-20261008-012219-ZY22GSDPFW/0006-logs/logcat_main.txt
34,B,10,True,SQUARE,5,585698231,45778923,875245539,6615684,16116,10256,s-20261008-012219-ZY22GSDPFW/0006-logs/logcat_main.txt
34,B,11,True,SQUARE,5,582902153,34587538,886064385,6615684,16116,10256,s-20261008-012219-ZY22GSDPFW/0006-logs/logcat_main.txt
34,B,12,True,SQUARE,5,579257232,33088307,866109461,6615684,16116,10256,s-20261008-012219-ZY22GSDPFW/0006-logs/logcat_main.txt
34,B,13,True,SQUARE,5,579935539,37441692,850196308,6615684,16116,10256,s-20261008-012219-ZY22GSDPFW/0006-logs/logcat_main.txt
34,B,14,True,SQUARE,5,597933231,34640692,889927077,6615684,16116,10256,s-20261008-012219-ZY22GSDPFW/0006-logs/logcat_main.txt
34,B,15,True,SQUARE,5,569307078,34033386,868964308,6615684,16116,10256,s-20261008-012219-ZY22GSDPFW/0006-logs/logcat_main.txt
34,B,16,True,SQUARE,5,583753308,33874921,864426846,6615684,16116,10256,s-20261008-012219-ZY22GSDPFW/0006-logs/logcat_main.txt
34,B,17,True,SQUARE,5,601030000,34479461,884807077,6615684,16116,10256,s-20261008-012219-ZY22GSDPFW/0006-logs/logcat_main.txt
34,B,18,True,SQUARE,5,562739615,33825385,863113539,6615684,16116,10256,s-20261008-012219-ZY22GSDPFW/0006-logs/logcat_main.txt
34,B,19,True,SQUARE,5,570509001,33497538,907694385,6615684,16116,10256,s-20261008-012219-ZY22GSDPFW/0006-logs/logcat_main.txt
34,B,20,True,SQUARE,5,610790769,34881768,883290846,6615684,16116,10256,s-20261008-012219-ZY22GSDPFW/0006-logs/logcat_main.txt
34,B,21,True,SQUARE,5,572891769,33810153,880188692,6615684,16116,10256,s-20261008-012219-ZY22GSDPFW/0006-logs/logcat_main.txt
34,B,22,True,SQUARE,5,569353231,34050692,882074769,6615684,16116,10256,s-20261008-012219-ZY22GSDPFW/0006-logs/logcat_main.txt
34,B,23,True,SQUARE,5,604366847,34327308,868965154,6615684,16116,10256,s-20261008-012219-ZY22GSDPFW/0006-logs/logcat_main.txt
34,B,24,True,SQUARE,5,584717384,35370999,869136308,6615684,16116,10256,s-20261008-012219-ZY22GSDPFW/0006-logs/logcat_main.txt
34,B,25,True,SQUARE,5,580850925,34100307,897365539,6615684,16116,10256,s-20261008-012219-ZY22GSDPFW/0006-logs/logcat_main.txt
34,B,26,True,SQUARE,5,607671771,34138923,875990461,6615684,16116,10256,s-20261008-012219-ZY22GSDPFW/0006-logs/logcat_main.txt
34,B,27,True,SQUARE,5,578116922,33156769,860220231,6615684,16116,10256,s-20261008-012219-ZY22GSDPFW/0006-logs/logcat_main.txt
34,B,28,True,SQUARE,5,583838386,34038385,883798769,6615684,16116,10256,s-20261008-012219-ZY22GSDPFW/0006-logs/logcat_main.txt
34,B,29,True,SQUARE,5,591771154,33369693,854906538,6615684,16116,10256,s-20261008-012219-ZY22GSDPFW/0006-logs/logcat_main.txt
34,B,30,True,SQUARE,5,579516769,33937308,860259000,6615684,16116,10256,s-20261008-012219-ZY22GSDPFW/0006-logs/logcat_main.txt
35,A,1,True,SQUARE,3,1076340400,35036400,1889663200,14203708,11148,7460,s-20261008-010141-emulator-5560/0008-logs/logcat_main.txt
35,A,2,True,SQUARE,3,163272100,84761900,389476800,14203708,11148,7460,s-20261008-010141-emulator-5560/0008-logs/logcat_main.txt
35,A,3,True,SQUARE,3,216091100,169986400,534806100,14203708,11148,7460,s-20261008-010141-emulator-5560/0008-logs/logcat_main.txt
35,A,4,True,SQUARE,3,165780500,77045000,339051000,14203708,11148,7460,s-20261008-010141-emulator-5560/0008-logs/logcat_main.txt
35,A,5,True,SQUARE,3,114359700,27983600,208996600,14203708,11148,7460,s-20261008-010141-emulator-5560/0008-logs/logcat_main.txt
35,A,6,True,SQUARE,3,119436500,26701700,229336400,14203708,11148,7460,s-20261008-010141-emulator-5560/0008-logs/logcat_main.txt
35,A,7,True,SQUARE,3,117974200,28622200,410330000,14203708,11148,7460,s-20261008-010141-emulator-5560/0008-logs/logcat_main.txt
35,A,8,True,SQUARE,3,135586200,31023100,406577400,14203708,11148,7460,s-20261008-010141-emulator-5560/0008-logs/logcat_main.txt
35,A,9,True,SQUARE,3,145007900,38735500,263492400,14203708,11148,7460,s-20261008-010141-emulator-5560/0008-logs/logcat_main.txt
35,A,10,True,SQUARE,3,135069500,33276700,240854800,14203708,11148,7460,s-20261008-010141-emulator-5560/0008-logs/logcat_main.txt
35,A,11,True,SQUARE,3,164046000,36980900,281895000,14203708,11148,7460,s-20261008-010141-emulator-5560/0008-logs/logcat_main.txt
35,A,12,True,SQUARE,3,131358200,37509200,237426000,14203708,11148,7460,s-20261008-010141-emulator-5560/0008-logs/logcat_main.txt
35,A,13,True,SQUARE,3,116239500,28131200,209184500,14203708,11148,7460,s-20261008-010141-emulator-5560/0008-logs/logcat_main.txt
35,A,14,True,SQUARE,3,132486500,38241000,244903700,14203708,11148,7460,s-20261008-010141-emulator-5560/0008-logs/logcat_main.txt
35,A,15,True,SQUARE,3,133612800,40859600,250840000,14203708,11148,7460,s-20261008-010141-emulator-5560/0008-logs/logcat_main.txt
35,A,16,True,SQUARE,3,119203400,30254200,219797100,14203708,11148,7460,s-20261008-010141-emulator-5560/0008-logs/logcat_main.txt
35,A,17,True,SQUARE,3,116492700,26691200,213437900,14203708,11148,7460,s-20261008-010141-emulator-5560/0008-logs/logcat_main.txt
35,A,18,True,SQUARE,3,115250900,28690800,207552500,14203708,11148,7460,s-20261008-010141-emulator-5560/0008-logs/logcat_main.txt
35,A,19,True,SQUARE,3,116306100,28674400,208315500,14203708,11148,7460,s-20261008-010141-emulator-5560/0008-logs/logcat_main.txt
35,A,20,True,SQUARE,3,115077900,25937400,204226000,14203708,11148,7460,s-20261008-010141-emulator-5560/0008-logs/logcat_main.txt
35,A,21,True,SQUARE,3,113638300,26012900,201714500,14203708,11148,7460,s-20261008-010141-emulator-5560/0008-logs/logcat_main.txt
35,A,22,True,SQUARE,3,133797400,37076700,247248600,14203708,11148,7460,s-20261008-010141-emulator-5560/0008-logs/logcat_main.txt
35,A,23,True,SQUARE,3,117129800,31928100,218342700,14203708,11148,7460,s-20261008-010141-emulator-5560/0008-logs/logcat_main.txt
35,A,24,True,SQUARE,3,115238900,28685700,206227000,14203708,11148,7460,s-20261008-010141-emulator-5560/0008-logs/logcat_main.txt
35,A,25,True,SQUARE,3,111869600,25992400,200568700,14203708,11148,7460,s-20261008-010141-emulator-5560/0008-logs/logcat_main.txt
35,A,26,True,SQUARE,3,110867800,27590000,199745700,14203708,11148,7460,s-20261008-010141-emulator-5560/0008-logs/logcat_main.txt
35,A,27,True,SQUARE,3,146420800,37474900,267268000,14203708,11148,7460,s-20261008-010141-emulator-5560/0008-logs/logcat_main.txt
35,A,28,True,SQUARE,3,134746700,34613000,257400200,14203708,11148,7460,s-20261008-010141-emulator-5560/0008-logs/logcat_main.txt
35,A,29,True,SQUARE,3,193413300,36915500,341312400,14203708,11148,7460,s-20261008-010141-emulator-5560/0008-logs/logcat_main.txt
35,A,30,True,SQUARE,3,131724700,30829500,236891000,14203708,11148,7460,s-20261008-010141-emulator-5560/0008-logs/logcat_main.txt
35,B,1,False,SQUARE,6,273813800,51795600,515939100,18534224,21924,12656,s-20261008-010141-emulator-5560/0009-logs/logcat_main.txt
