Host,API,Launcher,Grid cell,Orientation,minW,minH,maxW,maxH,OPTION_APPWIDGET_SIZES,candidate input,candidate W dp,candidate H dp,ratio,intended class,provisional candidate class,provisional margin Strip dp,provisional margin Large dp,provisional ratio margin,proposed candidate class,proposed ratio margin,chosen input candidate,clipping? (TextView rectangles),overlap? (TextView rectangles),notes,Evidence
Pixel API30 emulator,30,com.google.android.apps.nexuslauncher,2x1,landscape,130.0,53.0,249.0,97.0,[],minPair,130.0,53.0,2.45283,Strip,Strip,-47.0,-147.0,1.05283,Strip,0.10967,False,False,False,Measured options; classifications and margins computed. Current placed template only; all-template local audit is separate.,s-20261008-001636-emulator-5562/0068-collect-pixel30-landscape-2x1
Pixel API30 emulator,30,com.google.android.apps.nexuslauncher,2x1,landscape,130.0,53.0,249.0,97.0,[],maxPair,249.0,97.0,2.56701,Strip,Strip,-3.0,-103.0,1.16701,Strip,0.00451,False,False,False,Measured options; classifications and margins computed. Current placed template only; all-template local audit is separate.,s-20261008-001636-emulator-5562/0068-collect-pixel30-landscape-2x1
Pixel API30 emulator,30,com.google.android.apps.nexuslauncher,2x1,landscape,130.0,53.0,249.0,97.0,[],portraitLike,130.0,97.0,1.340206,Strip,Strip,-3.0,-103.0,-0.059794,Strip,1.222294,False,False,False,Measured options; classifications and margins computed. Current placed template only; all-template local audit is separate.,s-20261008-001636-emulator-5562/0068-collect-pixel30-landscape-2x1
Pixel API30 emulator,30,com.google.android.apps.nexuslauncher,2x1,landscape,130.0,53.0,249.0,97.0,[],landscapeLike,249.0,53.0,4.698113,Strip,Strip,-47.0,-147.0,3.298113,Strip,2.135613,True,False,False,Measured options; classifications and margins computed. Current placed template only; all-template local audit is separate.,s-20261008-001636-emulator-5562/0068-collect-pixel30-landscape-2x1
Pixel API30 emulator,30,com.google.android.apps.nexuslauncher,2x2,landscape,130.0,123.0,249.0,210.0,[],minPair,130.0,123.0,1.056911,Square,Square,23.0,-77.0,-0.343089,Square,1.505589,False,False,False,Measured options; classifications and margins computed. Current placed template only; all-template local audit is separate.,s-20261008-001636-emulator-5562/0065-collect-pixel30-landscape-2x2
Pixel API30 emulator,30,com.google.android.apps.nexuslauncher,2x2,landscape,130.0,123.0,249.0,210.0,[],maxPair,249.0,210.0,1.185714,Square,Square,110.0,10.0,-0.214286,Square,1.376786,False,False,False,Measured options; classifications and margins computed. Current placed template only; all-template local audit is separate.,s-20261008-001636-emulator-5562/0065-collect-pixel30-landscape-2x2
Pixel API30 emulator,30,com.google.android.apps.nexuslauncher,2x2,landscape,130.0,123.0,249.0,210.0,[],portraitLike,130.0,210.0,0.619048,Square,Square,110.0,10.0,-0.780952,Square,1.943452,False,False,False,Measured options; classifications and margins computed. Current placed template only; all-template local audit is separate.,s-20261008-001636-emulator-5562/0065-collect-pixel30-landscape-2x2
Pixel API30 emulator,30,com.google.android.apps.nexuslauncher,2x2,landscape,130.0,123.0,249.0,210.0,[],landscapeLike,249.0,123.0,2.02439,Square,Card,23.0,-77.0,0.62439,Square,0.53811,True,False,False,Measured options; classifications and margins computed. Current placed template only; all-template local audit is separate.,s-20261008-001636-emulator-5562/0065-collect-pixel30-landscape-2x2
Pixel API30 emulator,30,com.google.android.apps.nexuslauncher,3x1,landscape,203.0,53.0,382.0,97.0,[],minPair,203.0,53.0,3.830189,Strip,Strip,-47.0,-147.0,2.430189,Strip,1.267689,False,False,False,Measured options; classifications and margins computed. Current placed template only; all-template local audit is separate.,s-20261008-001636-emulator-5562/0071-collect-pixel30-landscape-3x1
Pixel API30 emulator,30,com.google.android.apps.nexuslauncher,3x1,landscape,203.0,53.0,382.0,97.0,[],maxPair,382.0,97.0,3.938144,Strip,Strip,-3.0,-103.0,2.538144,Strip,1.375644,False,False,False,Measured options; classifications and margins computed. Current placed template only; all-template local audit is separate.,s-20261008-001636-emulator-5562/0071-collect-pixel30-landscape-3x1
Pixel API30 emulator,30,com.google.android.apps.nexuslauncher,3x1,landscape,203.0,53.0,382.0,97.0,[],portraitLike,203.0,97.0,2.092784,Strip,Strip,-3.0,-103.0,0.692784,Strip,0.469716,False,False,False,Measured options; classifications and margins computed. Current placed template only; all-template local audit is separate.,s-20261008-001636-emulator-5562/0071-collect-pixel30-landscape-3x1
Pixel API30 emulator,30,com.google.android.apps.nexuslauncher,3x1,landscape,203.0,53.0,382.0,97.0,[],landscapeLike,382.0,53.0,7.207547,Strip,Strip,-47.0,-147.0,5.807547,Strip,4.645047,True,False,False,Measured options; classifications and margins computed. Current placed template only; all-template local audit is separate.,s-20261008-001636-emulator-5562/0071-collect-pixel30-landscape-3x1
Pixel API30 emulator,30,com.google.android.apps.nexuslauncher,3x2,landscape,203.0,123.0,382.0,210.0,[],minPair,203.0,123.0,1.650407,Card,Card,23.0,-77.0,0.250407,Square,0.912093,False,False,False,Measured options; classifications and margins computed. Current placed template only; all-template local audit is separate.,s-20261008-001636-emulator-5562/0062-collect-pixel30-landscape-3x2
Pixel API30 emulator,30,com.google.android.apps.nexuslauncher,3x2,landscape,203.0,123.0,382.0,210.0,[],maxPair,382.0,210.0,1.819048,Card,Large,110.0,10.0,0.419048,Square,0.743452,False,False,False,Measured options; classifications and margins computed. Current placed template only; all-template local audit is separate.,s-20261008-001636-emulator-5562/0062-collect-pixel30-landscape-3x2
Pixel API30 emulator,30,com.google.android.apps.nexuslauncher,3x2,landscape,203.0,123.0,382.0,210.0,[],portraitLike,203.0,210.0,0.966667,Card,Square,110.0,10.0,-0.433333,Square,1.595833,False,False,False,Measured options; classifications and margins computed. Current placed template only; all-template local audit is separate.,s-20261008-001636-emulator-5562/0062-collect-pixel30-landscape-3x2
Pixel API30 emulator,30,com.google.android.apps.nexuslauncher,3x2,landscape,203.0,123.0,382.0,210.0,[],landscapeLike,382.0,123.0,3.105691,Card,Card,23.0,-77.0,1.705691,Card,0.543191,True,False,False,Measured options; classifications and margins computed. Current placed template only; all-template local audit is separate.,s-20261008-001636-emulator-5562/0062-collect-pixel30-landscape-3x2
Pixel API30 emulator,30,com.google.android.apps.nexuslauncher,3x3,landscape,203.0,193.0,382.0,323.0,[],minPair,203.0,193.0,1.051813,Square,Square,93.0,-7.0,-0.348187,Square,1.510687,False,False,False,Measured options; classifications and margins computed. Current placed template only; all-template local audit is separate.,s-20261008-001636-emulator-5562/0050-collect-pixel30-landscape-3x3
Pixel API30 emulator,30,com.google.android.apps.nexuslauncher,3x3,landscape,203.0,193.0,382.0,323.0,[],maxPair,382.0,323.0,1.182663,Square,Square,223.0,123.0,-0.217337,Square,1.379837,False,False,False,Measured options; classifications and margins computed. Current placed template only; all-template local audit is separate.,s-20261008-001636-emulator-5562/0050-collect-pixel30-landscape-3x3
Pixel API30 emulator,30,com.google.android.apps.nexuslauncher,3x3,landscape,203.0,193.0,382.0,323.0,[],portraitLike,203.0,323.0,0.628483,Square,Square,223.0,123.0,-0.771517,Square,1.934017,False,False,False,Measured options; classifications and margins computed. Current placed template only; all-template local audit is separate.,s-20261008-001636-emulator-5562/0050-collect-pixel30-landscape-3x3
Pixel API30 emulator,30,com.google.android.apps.nexuslauncher,3x3,landscape,203.0,193.0,382.0,323.0,[],landscapeLike,382.0,193.0,1.979275,Square,Card,93.0,-7.0,0.579275,Square,0.583225,True,False,False,Measured options; classifications and margins computed. Current placed template only; all-template local audit is separate.,s-20261008-001636-emulator-5562/0050-collect-pixel30-landscape-3x3
Pixel API30 emulator,30,com.google.android.apps.nexuslauncher,4x1,landscape,276.0,53.0,514.0,97.0,[],minPair,276.0,53.0,5.207547,Strip,Strip,-47.0,-147.0,3.807547,Strip,2.645047,False,False,False,Measured options; classifications and margins computed. Current placed template only; all-template local audit is separate.,s-20261008-001636-emulator-5562/0074-collect-pixel30-landscape-4x1
Pixel API30 emulator,30,com.google.android.apps.nexuslauncher,4x1,landscape,276.0,53.0,514.0,97.0,[],maxPair,514.0,97.0,5.298969,Strip,Strip,-3.0,-103.0,3.898969,Strip,2.736469,False,False,False,Measured options; classifications and margins computed. Current placed template only; all-template local audit is separate.,s-20261008-001636-emulator-5562/0074-collect-pixel30-landscape-4x1
Pixel API30 emulator,30,com.google.android.apps.nexuslauncher,4x1,landscape,276.0,53.0,514.0,97.0,[],portraitLike,276.0,97.0,2.845361,Strip,Strip,-3.0,-103.0,1.445361,Strip,0.282861,False,False,False,Measured options; classifications and margins computed. Current placed template only; all-template local audit is separate.,s-20261008-001636-emulator-5562/0074-collect-pixel30-landscape-4x1
Pixel API30 emulator,30,com.google.android.apps.nexuslauncher,4x1,landscape,276.0,53.0,514.0,97.0,[],landscapeLike,514.0,53.0,9.698113,Strip,Strip,-47.0,-147.0,8.298113,Strip,7.135613,True,False,False,Measured options; classifications and margins computed. Current placed template only; all-template local audit is separate.,s-20261008-001636-emulator-5562/0074-collect-pixel30-landscape-4x1
Pixel API30 emulator,30,com.google.android.apps.nexuslauncher,4x2,landscape,276.0,123.0,514.0,210.0,[],minPair,276.0,123.0,2.243902,Card,Card,23.0,-77.0,0.843902,Square,0.318598,False,False,False,Measured options; classifications and margins computed. Current placed template only; all-template local audit is separate.,s-20261008-001636-emulator-5562/0059-collect-pixel30-landscape-4x2
Pixel API30 emulator,30,com.google.android.apps.nexuslauncher,4x2,landscape,276.0,123.0,514.0,210.0,[],maxPair,514.0,210.0,2.447619,Card,Large,110.0,10.0,1.047619,Square,0.114881,False,False,False,Measured options; classifications and margins computed. Current placed template only; all-template local audit is separate.,s-20261008-001636-emulator-5562/0059-collect-pixel30-landscape-4x2
Pixel API30 emulator,30,com.google.android.apps.nexuslauncher,4x2,landscape,276.0,123.0,514.0,210.0,[],portraitLike,276.0,210.0,1.314286,Card,Square,110.0,10.0,-0.085714,Square,1.248214,False,False,False,Measured options; classifications and margins computed. Current placed template only; all-template local audit is separate.,s-20261008-001636-emulator-5562/0059-collect-pixel30-landscape-4x2
Pixel API30 emulator,30,com.google.android.apps.nexuslauncher,4x2,landscape,276.0,123.0,514.0,210.0,[],landscapeLike,514.0,123.0,4.178862,Card,Card,23.0,-77.0,2.778862,Card,1.616362,True,False,False,Measured options; classifications and margins computed. Current placed template only; all-template local audit is separate.,s-20261008-001636-emulator-5562/0059-collect-pixel30-landscape-4x2
Pixel API30 emulator,30,com.google.android.apps.nexuslauncher,4x3,landscape,276.0,193.0,514.0,323.0,[],minPair,276.0,193.0,1.430052,Large,Card,93.0,-7.0,0.030052,Square,1.132448,False,False,False,Measured options; classifications and margins computed. Current placed template only; all-template local audit is separate.,s-20261008-001636-emulator-5562/0047-collect-pixel30-landscape-4x3
Pixel API30 emulator,30,com.google.android.apps.nexuslauncher,4x3,landscape,276.0,193.0,514.0,323.0,[],maxPair,514.0,323.0,1.591331,Large,Large,223.0,123.0,0.191331,Square,0.971169,False,False,False,Measured options; classifications and margins computed. Current placed template only; all-template local audit is separate.,s-20261008-001636-emulator-5562/0047-collect-pixel30-landscape-4x3
Pixel API30 emulator,30,com.google.android.apps.nexuslauncher,4x3,landscape,276.0,193.0,514.0,323.0,[],portraitLike,276.0,323.0,0.854489,Large,Square,223.0,123.0,-0.545511,Square,1.708011,False,False,False,Measured options; classifications and margins computed. Current placed template only; all-template local audit is separate.,s-20261008-001636-emulator-5562/0047-collect-pixel30-landscape-4x3
Pixel API30 emulator,30,com.google.android.apps.nexuslauncher,4x3,landscape,276.0,193.0,514.0,323.0,[],landscapeLike,514.0,193.0,2.663212,Large,Card,93.0,-7.0,1.263212,Large,0.100712,True,False,False,Measured options; classifications and margins computed. Current placed template only; all-template local audit is separate.,s-20261008-001636-emulator-5562/0047-collect-pixel30-landscape-4x3
Pixel API30 emulator,30,com.google.android.apps.nexuslauncher,4x4,landscape,276.0,263.0,514.0,436.0,[],minPair,276.0,263.0,1.04943,Square,Square,163.0,63.0,-0.35057,Square,1.51307,False,False,False,Measured options; classifications and margins computed. Current placed template only; all-template local audit is separate.,s-20261008-001636-emulator-5562/0044-collect-pixel30-landscape-4x4
Pixel API30 emulator,30,com.google.android.apps.nexuslauncher,4x4,landscape,276.0,263.0,514.0,436.0,[],maxPair,514.0,436.0,1.178899,Square,Square,336.0,236.0,-0.221101,Square,1.383601,False,False,False,Measured options; classifications and margins computed. Current placed template only; all-template local audit is separate.,s-20261008-001636-emulator-5562/0044-collect-pixel30-landscape-4x4
Pixel API30 emulator,30,com.google.android.apps.nexuslauncher,4x4,landscape,276.0,263.0,514.0,436.0,[],portraitLike,276.0,436.0,0.633028,Square,Square,336.0,236.0,-0.766972,Square,1.929472,False,False,False,Measured options; classifications and margins computed. Current placed template only; all-template local audit is separate.,s-20261008-001636-emulator-5562/0044-collect-pixel30-landscape-4x4
Pixel API30 emulator,30,com.google.android.apps.nexuslauncher,4x4,landscape,276.0,263.0,514.0,436.0,[],landscapeLike,514.0,263.0,1.954373,Square,Large,163.0,63.0,0.554373,Square,0.608127,True,False,False,Measured options; classifications and margins computed. Current placed template only; all-template local audit is separate.,s-20261008-001636-emulator-5562/0044-collect-pixel30-landscape-4x4
Pixel API30 emulator,30,com.google.android.apps.nexuslauncher,5x1,landscape,349.0,53.0,647.0,97.0,[],minPair,349.0,53.0,6.584906,Strip,Strip,-47.0,-147.0,5.184906,Strip,4.022406,False,False,False,Measured options; classifications and margins computed. Current placed template only; all-template local audit is separate.,s-20261008-001636-emulator-5562/0077-collect-pixel30-landscape-5x1
Pixel API30 emulator,30,com.google.android.apps.nexuslauncher,5x1,landscape,349.0,53.0,647.0,97.0,[],maxPair,647.0,97.0,6.670103,Strip,Strip,-3.0,-103.0,5.270103,Strip,4.107603,False,False,False,Measured options; classifications and margins computed. Current placed template only; all-template local audit is separate.,s-20261008-001636-emulator-5562/0077-collect-pixel30-landscape-5x1
Pixel API30 emulator,30,com.google.android.apps.nexuslauncher,5x1,landscape,349.0,53.0,647.0,97.0,[],portraitLike,349.0,97.0,3.597938,Strip,Strip,-3.0,-103.0,2.197938,Strip,1.035438,False,False,False,Measured options; classifications and margins computed. Current placed template only; all-template local audit is separate.,s-20261008-001636-emulator-5562/0077-collect-pixel30-landscape-5x1
Pixel API30 emulator,30,com.google.android.apps.nexuslauncher,5x1,landscape,349.0,53.0,647.0,97.0,[],landscapeLike,647.0,53.0,12.207547,Strip,Strip,-47.0,-147.0,10.807547,Strip,9.645047,True,False,False,Measured options; classifications and margins computed. Current placed template only; all-template local audit is separate.,s-20261008-001636-emulator-5562/0077-collect-pixel30-landscape-5x1
Pixel API30 emulator,30,com.google.android.apps.nexuslauncher,5x2,landscape,349.0,123.0,647.0,210.0,[],minPair,349.0,123.0,2.837398,Card,Card,23.0,-77.0,1.437398,Card,0.274898,False,False,False,Measured options; classifications and margins computed. Current placed template only; all-template local audit is separate.,s-20261008-001636-emulator-5562/0056-collect-pixel30-landscape-5x2
Pixel API30 emulator,30,com.google.android.apps.nexuslauncher,5x2,landscape,349.0,123.0,647.0,210.0,[],maxPair,647.0,210.0,3.080952,Card,Large,110.0,10.0,1.680952,Large,0.518452,False,False,False,Measured options; classifications and margins computed. Current placed template only; all-template local audit is separate.,s-20261008-001636-emulator-5562/0056-collect-pixel30-landscape-5x2
Pixel API30 emulator,30,com.google.android.apps.nexuslauncher,5x2,landscape,349.0,123.0,647.0,210.0,[],portraitLike,349.0,210.0,1.661905,Card,Large,110.0,10.0,0.261905,Square,0.900595,False,False,False,Measured options; classifications and margins computed. Current placed template only; all-template local audit is separate.,s-20261008-001636-emulator-5562/0056-collect-pixel30-landscape-5x2
Pixel API30 emulator,30,com.google.android.apps.nexuslauncher,5x2,landscape,349.0,123.0,647.0,210.0,[],landscapeLike,647.0,123.0,5.260163,Card,Card,23.0,-77.0,3.860163,Card,2.697663,True,False,False,Measured options; classifications and margins computed. Current placed template only; all-template local audit is separate.,s-20261008-001636-emulator-5562/0056-collect-pixel30-landscape-5x2
Pixel API30 emulator,30,com.google.android.apps.nexuslauncher,5x3,landscape,349.0,193.0,647.0,323.0,[],minPair,349.0,193.0,1.80829,Large,Card,93.0,-7.0,0.40829,Square,0.75421,False,False,False,Measured options; classifications and margins computed. Current placed template only; all-template local audit is separate.,s-20261008-001636-emulator-5562/0053-collect-pixel30-landscape-5x3
Pixel API30 emulator,30,com.google.android.apps.nexuslauncher,5x3,landscape,349.0,193.0,647.0,323.0,[],maxPair,647.0,323.0,2.003096,Large,Large,223.0,123.0,0.603096,Square,0.559404,False,False,False,Measured options; classifications and margins computed. Current placed template only; all-template local audit is separate.,s-20261008-001636-emulator-5562/0053-collect-pixel30-landscape-5x3
Pixel API30 emulator,30,com.google.android.apps.nexuslauncher,5x3,landscape,349.0,193.0,647.0,323.0,[],portraitLike,349.0,323.0,1.080495,Large,Square,223.0,123.0,-0.319505,Square,1.482005,False,False,False,Measured options; classifications and margins computed. Current placed template only; all-template local audit is separate.,s-20261008-001636-emulator-5562/0053-collect-pixel30-landscape-5x3
Pixel API30 emulator,30,com.google.android.apps.nexuslauncher,5x3,landscape,349.0,193.0,647.0,323.0,[],landscapeLike,647.0,193.0,3.352332,Large,Card,93.0,-7.0,1.952332,Large,0.789832,True,False,False,Measured options; classifications and margins computed. Current placed template only; all-template local audit is separate.,s-20261008-001636-emulator-5562/0053-collect-pixel30-landscape-5x3
Pixel API30 emulator,30,com.google.android.apps.nexuslauncher,2x1,portrait,130.0,53.0,249.0,97.0,[],minPair,130.0,53.0,2.45283,Strip,Strip,-47.0,-147.0,1.05283,Strip,0.10967,False,False,False,Measured options; classifications and margins computed. Current placed template only; all-template local audit is separate.,s-20261008-001636-emulator-5562/0013-collect-pixel30-2x1
Pixel API30 emulator,30,com.google.android.apps.nexuslauncher,2x1,portrait,130.0,53.0,249.0,97.0,[],maxPair,249.0,97.0,2.56701,Strip,Strip,-3.0,-103.0,1.16701,Strip,0.00451,False,False,False,Measured options; classifications and margins computed. Current placed template only; all-template local audit is separate.,s-20261008-001636-emulator-5562/0013-collect-pixel30-2x1
Pixel API30 emulator,30,com.google.android.apps.nexuslauncher,2x1,portrait,130.0,53.0,249.0,97.0,[],portraitLike,130.0,97.0,1.340206,Strip,Strip,-3.0,-103.0,-0.059794,Strip,1.222294,False,False,False,Measured options; classifications and margins computed. Current placed template only; all-template local audit is separate.,s-20261008-001636-emulator-5562/0013-collect-pixel30-2x1
Pixel API30 emulator,30,com.google.android.apps.nexuslauncher,2x1,portrait,130.0,53.0,249.0,97.0,[],landscapeLike,249.0,53.0,4.698113,Strip,Strip,-47.0,-147.0,3.298113,Strip,2.135613,True,False,False,Measured options; classifications and margins computed. Current placed template only; all-template local audit is separate.,s-20261008-001636-emulator-5562/0013-collect-pixel30-2x1
Pixel API30 emulator,30,com.google.android.apps.nexuslauncher,2x2,portrait,130.0,123.0,249.0,210.0,[],minPair,130.0,123.0,1.056911,Square,Square,23.0,-77.0,-0.343089,Square,1.505589,False,False,False,Measured options; classifications and margins computed. Current placed template only; all-template local audit is separate.,s-20261008-001636-emulator-5562/0011-collect-pixel30-2x2
Pixel API30 emulator,30,com.google.android.apps.nexuslauncher,2x2,portrait,130.0,123.0,249.0,210.0,[],maxPair,249.0,210.0,1.185714,Square,Square,110.0,10.0,-0.214286,Square,1.376786,False,False,False,Measured options; classifications and margins computed. Current placed template only; all-template local audit is separate.,s-20261008-001636-emulator-5562/0011-collect-pixel30-2x2
Pixel API30 emulator,30,com.google.android.apps.nexuslauncher,2x2,portrait,130.0,123.0,249.0,210.0,[],portraitLike,130.0,210.0,0.619048,Square,Square,110.0,10.0,-0.780952,Square,1.943452,False,False,False,Measured options; classifications and margins computed. Current placed template only; all-template local audit is separate.,s-20261008-001636-emulator-5562/0011-collect-pixel30-2x2
Pixel API30 emulator,30,com.google.android.apps.nexuslauncher,2x2,portrait,130.0,123.0,249.0,210.0,[],landscapeLike,249.0,123.0,2.02439,Square,Card,23.0,-77.0,0.62439,Square,0.53811,True,False,False,Measured options; classifications and margins computed. Current placed template only; all-template local audit is separate.,s-20261008-001636-emulator-5562/0011-collect-pixel30-2x2
Pixel API30 emulator,30,com.google.android.apps.nexuslauncher,3x1,portrait,203.0,53.0,382.0,97.0,[],minPair,203.0,53.0,3.830189,Strip,Strip,-47.0,-147.0,2.430189,Strip,1.267689,False,False,False,Measured options; classifications and margins computed. Current placed template only; all-template local audit is separate.,s-20261008-001636-emulator-5562/0017-collect-pixel30-3x1
Pixel API30 emulator,30,com.google.android.apps.nexuslauncher,3x1,portrait,203.0,53.0,382.0,97.0,[],maxPair,382.0,97.0,3.938144,Strip,Strip,-3.0,-103.0,2.538144,Strip,1.375644,False,False,False,Measured options; classifications and margins computed. Current placed template only; all-template local audit is separate.,s-20261008-001636-emulator-5562/0017-collect-pixel30-3x1
Pixel API30 emulator,30,com.google.android.apps.nexuslauncher,3x1,portrait,203.0,53.0,382.0,97.0,[],portraitLike,203.0,97.0,2.092784,Strip,Strip,-3.0,-103.0,0.692784,Strip,0.469716,False,False,False,Measured options; classifications and margins computed. Current placed template only; all-template local audit is separate.,s-20261008-001636-emulator-5562/0017-collect-pixel30-3x1
Pixel API30 emulator,30,com.google.android.apps.nexuslauncher,3x1,portrait,203.0,53.0,382.0,97.0,[],landscapeLike,382.0,53.0,7.207547,Strip,Strip,-47.0,-147.0,5.807547,Strip,4.645047,True,False,False,Measured options; classifications and margins computed. Current placed template only; all-template local audit is separate.,s-20261008-001636-emulator-5562/0017-collect-pixel30-3x1
Pixel API30 emulator,30,com.google.android.apps.nexuslauncher,3x2,portrait,203.0,123.0,382.0,210.0,[],minPair,203.0,123.0,1.650407,Card,Card,23.0,-77.0,0.250407,Square,0.912093,False,False,False,Measured options; classifications and margins computed. Current placed template only; all-template local audit is separate.,s-20261008-001636-emulator-5562/0030-collect-pixel30-3x2
Pixel API30 emulator,30,com.google.android.apps.nexuslauncher,3x2,portrait,203.0,123.0,382.0,210.0,[],maxPair,382.0,210.0,1.819048,Card,Large,110.0,10.0,0.419048,Square,0.743452,False,False,False,Measured options; classifications and margins computed. Current placed template only; all-template local audit is separate.,s-20261008-001636-emulator-5562/0030-collect-pixel30-3x2
Pixel API30 emulator,30,com.google.android.apps.nexuslauncher,3x2,portrait,203.0,123.0,382.0,210.0,[],portraitLike,203.0,210.0,0.966667,Card,Square,110.0,10.0,-0.433333,Square,1.595833,False,False,False,Measured options; classifications and margins computed. Current placed template only; all-template local audit is separate.,s-20261008-001636-emulator-5562/0030-collect-pixel30-3x2
Pixel API30 emulator,30,com.google.android.apps.nexuslauncher,3x2,portrait,203.0,123.0,382.0,210.0,[],landscapeLike,382.0,123.0,3.105691,Card,Card,23.0,-77.0,1.705691,Card,0.543191,True,False,False,Measured options; classifications and margins computed. Current placed template only; all-template local audit is separate.,s-20261008-001636-emulator-5562/0030-collect-pixel30-3x2
Pixel API30 emulator,30,com.google.android.apps.nexuslauncher,3x3,portrait,203.0,193.0,382.0,323.0,[],minPair,203.0,193.0,1.051813,Square,Square,93.0,-7.0,-0.348187,Square,1.510687,False,False,False,Measured options; classifications and margins computed. Current placed template only; all-template local audit is separate.,s-20261008-001636-emulator-5562/0032-collect-pixel30-3x3
Pixel API30 emulator,30,com.google.android.apps.nexuslauncher,3x3,portrait,203.0,193.0,382.0,323.0,[],maxPair,382.0,323.0,1.182663,Square,Square,223.0,123.0,-0.217337,Square,1.379837,False,False,False,Measured options; classifications and margins computed. Current placed template only; all-template local audit is separate.,s-20261008-001636-emulator-5562/0032-collect-pixel30-3x3
Pixel API30 emulator,30,com.google.android.apps.nexuslauncher,3x3,portrait,203.0,193.0,382.0,323.0,[],portraitLike,203.0,323.0,0.628483,Square,Square,223.0,123.0,-0.771517,Square,1.934017,False,False,False,Measured options; classifications and margins computed. Current placed template only; all-template local audit is separate.,s-20261008-001636-emulator-5562/0032-collect-pixel30-3x3
Pixel API30 emulator,30,com.google.android.apps.nexuslauncher,3x3,portrait,203.0,193.0,382.0,323.0,[],landscapeLike,382.0,193.0,1.979275,Square,Card,93.0,-7.0,0.579275,Square,0.583225,True,False,False,Measured options; classifications and margins computed. Current placed template only; all-template local audit is separate.,s-20261008-001636-emulator-5562/0032-collect-pixel30-3x3
Pixel API30 emulator,30,com.google.android.apps.nexuslauncher,4x1,portrait,276.0,53.0,514.0,97.0,[],minPair,276.0,53.0,5.207547,Strip,Strip,-47.0,-147.0,3.807547,Strip,2.645047,False,False,False,Measured options; classifications and margins computed. Current placed template only; all-template local audit is separate.,s-20261008-001636-emulator-5562/0020-collect-pixel30-4x1
Pixel API30 emulator,30,com.google.android.apps.nexuslauncher,4x1,portrait,276.0,53.0,514.0,97.0,[],maxPair,514.0,97.0,5.298969,Strip,Strip,-3.0,-103.0,3.898969,Strip,2.736469,False,False,False,Measured options; classifications and margins computed. Current placed template only; all-template local audit is separate.,s-20261008-001636-emulator-5562/0020-collect-pixel30-4x1
Pixel API30 emulator,30,com.google.android.apps.nexuslauncher,4x1,portrait,276.0,53.0,514.0,97.0,[],portraitLike,276.0,97.0,2.845361,Strip,Strip,-3.0,-103.0,1.445361,Strip,0.282861,False,False,False,Measured options; classifications and margins computed. Current placed template only; all-template local audit is separate.,s-20261008-001636-emulator-5562/0020-collect-pixel30-4x1
Pixel API30 emulator,30,com.google.android.apps.nexuslauncher,4x1,portrait,276.0,53.0,514.0,97.0,[],landscapeLike,514.0,53.0,9.698113,Strip,Strip,-47.0,-147.0,8.298113,Strip,7.135613,True,False,False,Measured options; classifications and margins computed. Current placed template only; all-template local audit is separate.,s-20261008-001636-emulator-5562/0020-collect-pixel30-4x1
Pixel API30 emulator,30,com.google.android.apps.nexuslauncher,4x2,portrait,276.0,123.0,514.0,210.0,[],minPair,276.0,123.0,2.243902,Card,Card,23.0,-77.0,0.843902,Square,0.318598,False,False,False,Measured options; classifications and margins computed. Current placed template only; all-template local audit is separate.,s-20261008-001636-emulator-5562/0028-collect-pixel30-4x2
Pixel API30 emulator,30,com.google.android.apps.nexuslauncher,4x2,portrait,276.0,123.0,514.0,210.0,[],maxPair,514.0,210.0,2.447619,Card,Large,110.0,10.0,1.047619,Square,0.114881,False,False,False,Measured options; classifications and margins computed. Current placed template only; all-template local audit is separate.,s-20261008-001636-emulator-5562/0028-collect-pixel30-4x2
Pixel API30 emulator,30,com.google.android.apps.nexuslauncher,4x2,portrait,276.0,123.0,514.0,210.0,[],portraitLike,276.0,210.0,1.314286,Card,Square,110.0,10.0,-0.085714,Square,1.248214,False,False,False,Measured options; classifications and margins computed. Current placed template only; all-template local audit is separate.,s-20261008-001636-emulator-5562/0028-collect-pixel30-4x2
Pixel API30 emulator,30,com.google.android.apps.nexuslauncher,4x2,portrait,276.0,123.0,514.0,210.0,[],landscapeLike,514.0,123.0,4.178862,Card,Card,23.0,-77.0,2.778862,Card,1.616362,True,False,False,Measured options; classifications and margins computed. Current placed template only; all-template local audit is separate.,s-20261008-001636-emulator-5562/0028-collect-pixel30-4x2
Pixel API30 emulator,30,com.google.android.apps.nexuslauncher,4x3,portrait,276.0,193.0,514.0,323.0,[],minPair,276.0,193.0,1.430052,Large,Card,93.0,-7.0,0.030052,Square,1.132448,False,False,False,Measured options; classifications and margins computed. Current placed template only; all-template local audit is separate.,s-20261008-001636-emulator-5562/0035-collect-pixel30-4x3
Pixel API30 emulator,30,com.google.android.apps.nexuslauncher,4x3,portrait,276.0,193.0,514.0,323.0,[],maxPair,514.0,323.0,1.591331,Large,Large,223.0,123.0,0.191331,Square,0.971169,False,False,False,Measured options; classifications and margins computed. Current placed template only; all-template local audit is separate.,s-20261008-001636-emulator-5562/0035-collect-pixel30-4x3
Pixel API30 emulator,30,com.google.android.apps.nexuslauncher,4x3,portrait,276.0,193.0,514.0,323.0,[],portraitLike,276.0,323.0,0.854489,Large,Square,223.0,123.0,-0.545511,Square,1.708011,False,False,False,Measured options; classifications and margins computed. Current placed template only; all-template local audit is separate.,s-20261008-001636-emulator-5562/0035-collect-pixel30-4x3
Pixel API30 emulator,30,com.google.android.apps.nexuslauncher,4x3,portrait,276.0,193.0,514.0,323.0,[],landscapeLike,514.0,193.0,2.663212,Large,Card,93.0,-7.0,1.263212,Large,0.100712,True,False,False,Measured options; classifications and margins computed. Current placed template only; all-template local audit is separate.,s-20261008-001636-emulator-5562/0035-collect-pixel30-4x3
Pixel API30 emulator,30,com.google.android.apps.nexuslauncher,4x4,portrait,276.0,263.0,514.0,436.0,[],minPair,276.0,263.0,1.04943,Square,Square,163.0,63.0,-0.35057,Square,1.51307,False,False,False,Measured options; classifications and margins computed. Current placed template only; all-template local audit is separate.,s-20261008-001636-emulator-5562/0040-collect-pixel30-4x4
Pixel API30 emulator,30,com.google.android.apps.nexuslauncher,4x4,portrait,276.0,263.0,514.0,436.0,[],maxPair,514.0,436.0,1.178899,Square,Square,336.0,236.0,-0.221101,Square,1.383601,False,False,False,Measured options; classifications and margins computed. Current placed template only; all-template local audit is separate.,s-20261008-001636-emulator-5562/0040-collect-pixel30-4x4
Pixel API30 emulator,30,com.google.android.apps.nexuslauncher,4x4,portrait,276.0,263.0,514.0,436.0,[],portraitLike,276.0,436.0,0.633028,Square,Square,336.0,236.0,-0.766972,Square,1.929472,False,False,False,Measured options; classifications and margins computed. Current placed template only; all-template local audit is separate.,s-20261008-001636-emulator-5562/0040-collect-pixel30-4x4
Pixel API30 emulator,30,com.google.android.apps.nexuslauncher,4x4,portrait,276.0,263.0,514.0,436.0,[],landscapeLike,514.0,263.0,1.954373,Square,Large,163.0,63.0,0.554373,Square,0.608127,True,False,False,Measured options; classifications and margins computed. Current placed template only; all-template local audit is separate.,s-20261008-001636-emulator-5562/0040-collect-pixel30-4x4
Pixel API30 emulator,30,com.google.android.apps.nexuslauncher,5x1,portrait,349.0,53.0,647.0,97.0,[],minPair,349.0,53.0,6.584906,Strip,Strip,-47.0,-147.0,5.184906,Strip,4.022406,False,False,False,Measured options; classifications and margins computed. Current placed template only; all-template local audit is separate.,s-20261008-001636-emulator-5562/0022-collect-pixel30-5x1
Pixel API30 emulator,30,com.google.android.apps.nexuslauncher,5x1,portrait,349.0,53.0,647.0,97.0,[],maxPair,647.0,97.0,6.670103,Strip,Strip,-3.0,-103.0,5.270103,Strip,4.107603,False,False,False,Measured options; classifications and margins computed. Current placed template only; all-template local audit is separate.,s-20261008-001636-emulator-5562/0022-collect-pixel30-5x1
Pixel API30 emulator,30,com.google.android.apps.nexuslauncher,5x1,portrait,349.0,53.0,647.0,97.0,[],portraitLike,349.0,97.0,3.597938,Strip,Strip,-3.0,-103.0,2.197938,Strip,1.035438,False,False,False,Measured options; classifications and margins computed. Current placed template only; all-template local audit is separate.,s-20261008-001636-emulator-5562/0022-collect-pixel30-5x1
Pixel API30 emulator,30,com.google.android.apps.nexuslauncher,5x1,portrait,349.0,53.0,647.0,97.0,[],landscapeLike,647.0,53.0,12.207547,Strip,Strip,-47.0,-147.0,10.807547,Strip,9.645047,True,False,False,Measured options; classifications and margins computed. Current placed template only; all-template local audit is separate.,s-20261008-001636-emulator-5562/0022-collect-pixel30-5x1
Pixel API30 emulator,30,com.google.android.apps.nexuslauncher,5x2,portrait,349.0,123.0,647.0,210.0,[],minPair,349.0,123.0,2.837398,Card,Card,23.0,-77.0,1.437398,Card,0.274898,False,False,False,Measured options; classifications and margins computed. Current placed template only; all-template local audit is separate.,s-20261008-001636-emulator-5562/0025-collect-pixel30-5x2
Pixel API30 emulator,30,com.google.android.apps.nexuslauncher,5x2,portrait,349.0,123.0,647.0,210.0,[],maxPair,647.0,210.0,3.080952,Card,Large,110.0,10.0,1.680952,Large,0.518452,False,False,False,Measured options; classifications and margins computed. Current placed template only; all-template local audit is separate.,s-20261008-001636-emulator-5562/0025-collect-pixel30-5x2
Pixel API30 emulator,30,com.google.android.apps.nexuslauncher,5x2,portrait,349.0,123.0,647.0,210.0,[],portraitLike,349.0,210.0,1.661905,Card,Large,110.0,10.0,0.261905,Square,0.900595,False,False,False,Measured options; classifications and margins computed. Current placed template only; all-template local audit is separate.,s-20261008-001636-emulator-5562/0025-collect-pixel30-5x2
Pixel API30 emulator,30,com.google.android.apps.nexuslauncher,5x2,portrait,349.0,123.0,647.0,210.0,[],landscapeLike,647.0,123.0,5.260163,Card,Card,23.0,-77.0,3.860163,Card,2.697663,True,False,False,Measured options; classifications and margins computed. Current placed template only; all-template local audit is separate.,s-20261008-001636-emulator-5562/0025-collect-pixel30-5x2
Pixel API30 emulator,30,com.google.android.apps.nexuslauncher,5x3,portrait,349.0,193.0,647.0,323.0,[],minPair,349.0,193.0,1.80829,Large,Card,93.0,-7.0,0.40829,Square,0.75421,False,False,False,Measured options; classifications and margins computed. Current placed template only; all-template local audit is separate.,s-20261008-001636-emulator-5562/0037-collect-pixel30-5x3
Pixel API30 emulator,30,com.google.android.apps.nexuslauncher,5x3,portrait,349.0,193.0,647.0,323.0,[],maxPair,647.0,323.0,2.003096,Large,Large,223.0,123.0,0.603096,Square,0.559404,False,False,False,Measured options; classifications and margins computed. Current placed template only; all-template local audit is separate.,s-20261008-001636-emulator-5562/0037-collect-pixel30-5x3
Pixel API30 emulator,30,com.google.android.apps.nexuslauncher,5x3,portrait,349.0,193.0,647.0,323.0,[],portraitLike,349.0,323.0,1.080495,Large,Square,223.0,123.0,-0.319505,Square,1.482005,False,False,False,Measured options; classifications and margins computed. Current placed template only; all-template local audit is separate.,s-20261008-001636-emulator-5562/0037-collect-pixel30-5x3
Pixel API30 emulator,30,com.google.android.apps.nexuslauncher,5x3,portrait,349.0,193.0,647.0,323.0,[],landscapeLike,647.0,193.0,3.352332,Large,Card,93.0,-7.0,1.952332,Large,0.789832,True,False,False,Measured options; classifications and margins computed. Current placed template only; all-template local audit is separate.,s-20261008-001636-emulator-5562/0037-collect-pixel30-5x3
moto g13,34,com.motorola.launcher3,2x1,portrait,173.0,58.0,325.0,122.0,"[[""173.71428"", ""122.28571""], [""325.7143"", ""58.285713""]]",minPair,173.0,58.0,2.982759,Strip,Strip,-42.0,-142.0,1.582759,Strip,0.420259,False,False,False,Measured options; classifications and margins computed. Current placed template only; all-template local audit is separate.,s-20261007-234013-ZY22GSDPFW/0022-collect-moto-2x1
moto g13,34,com.motorola.launcher3,2x1,portrait,173.0,58.0,325.0,122.0,"[[""173.71428"", ""122.28571""], [""325.7143"", ""58.285713""]]",maxPair,325.0,122.0,2.663934,Strip,Card,22.0,-78.0,1.263934,Card,0.101434,False,False,False,Measured options; classifications and margins computed. Current placed template only; all-template local audit is separate.,s-20261007-234013-ZY22GSDPFW/0022-collect-moto-2x1
moto g13,34,com.motorola.launcher3,2x1,portrait,173.0,58.0,325.0,122.0,"[[""173.71428"", ""122.28571""], [""325.7143"", ""58.285713""]]",portraitLike,173.0,122.0,1.418033,Strip,Card,22.0,-78.0,0.018033,Square,1.144467,False,False,False,Measured options; classifications and margins computed. Current placed template only; all-template local audit is separate.,s-20261007-234013-ZY22GSDPFW/0022-collect-moto-2x1
moto g13,34,com.motorola.launcher3,2x1,portrait,173.0,58.0,325.0,122.0,"[[""173.71428"", ""122.28571""], [""325.7143"", ""58.285713""]]",landscapeLike,325.0,58.0,5.603448,Strip,Strip,-42.0,-142.0,4.203448,Strip,3.040948,True,False,False,Measured options; classifications and margins computed. Current placed template only; all-template local audit is separate.,s-20261007-234013-ZY22GSDPFW/0022-collect-moto-2x1
moto g13,34,com.motorola.launcher3,2x1,portrait,173.0,58.0,325.0,122.0,"[[""173.71428"", ""122.28571""], [""325.7143"", ""58.285713""]]",reported[0],173.71428,122.28571,1.420561,Strip,Card,22.286,-77.714,0.020561,Square,1.141939,False,False,False,Measured options; classifications and margins computed. Current placed template only; all-template local audit is separate.,s-20261007-234013-ZY22GSDPFW/0022-collect-moto-2x1
moto g13,34,com.motorola.launcher3,2x1,portrait,173.0,58.0,325.0,122.0,"[[""173.71428"", ""122.28571""], [""325.7143"", ""58.285713""]]",reported[1],325.7143,58.285713,5.588236,Strip,Strip,-41.714,-141.714,4.188236,Strip,3.025736,False,False,False,Measured options; classifications and margins computed. Current placed template only; all-template local audit is separate.,s-20261007-234013-ZY22GSDPFW/0022-collect-moto-2x1
moto g13,34,com.motorola.launcher3,2x2,portrait,173.0,132.0,325.0,260.0,"[[""173.71428"", ""260.57144""], [""325.7143"", ""132.57143""]]",minPair,173.0,132.0,1.310606,Square,Square,32.0,-68.0,-0.089394,Square,1.251894,False,False,False,Measured options; classifications and margins computed. Current placed template only; all-template local audit is separate.,s-20261007-234013-ZY22GSDPFW/0017-collect-moto-2x2
moto g13,34,com.motorola.launcher3,2x2,portrait,173.0,132.0,325.0,260.0,"[[""173.71428"", ""260.57144""], [""325.7143"", ""132.57143""]]",maxPair,325.0,260.0,1.25,Square,Square,160.0,60.0,-0.15,Square,1.3125,False,False,False,Measured options; classifications and margins computed. Current placed template only; all-template local audit is separate.,s-20261007-234013-ZY22GSDPFW/0017-collect-moto-2x2
moto g13,34,com.motorola.launcher3,2x2,portrait,173.0,132.0,325.0,260.0,"[[""173.71428"", ""260.57144""], [""325.7143"", ""132.57143""]]",portraitLike,173.0,260.0,0.665385,Square,Square,160.0,60.0,-0.734615,Square,1.897115,False,False,False,Measured options; classifications and margins computed. Current placed template only; all-template local audit is separate.,s-20261007-234013-ZY22GSDPFW/0017-collect-moto-2x2
moto g13,34,com.motorola.launcher3,2x2,portrait,173.0,132.0,325.0,260.0,"[[""173.71428"", ""260.57144""], [""325.7143"", ""132.57143""]]",landscapeLike,325.0,132.0,2.462121,Square,Card,32.0,-68.0,1.062121,Square,0.100379,True,False,False,Measured options; classifications and margins computed. Current placed template only; all-template local audit is separate.,s-20261007-234013-ZY22GSDPFW/0017-collect-moto-2x2
moto g13,34,com.motorola.launcher3,2x2,portrait,173.0,132.0,325.0,260.0,"[[""173.71428"", ""260.57144""], [""325.7143"", ""132.57143""]]",reported[0],173.71428,260.57144,0.666667,Square,Square,160.571,60.571,-0.733333,Square,1.895833,False,False,False,Measured options; classifications and margins computed. Current placed template only; all-template local audit is separate.,s-20261007-234013-ZY22GSDPFW/0017-collect-moto-2x2
moto g13,34,com.motorola.launcher3,2x2,portrait,173.0,132.0,325.0,260.0,"[[""173.71428"", ""260.57144""], [""325.7143"", ""132.57143""]]",reported[1],325.7143,132.57143,2.456897,Square,Card,32.571,-67.429,1.056897,Square,0.105603,False,False,False,Measured options; classifications and margins computed. Current placed template only; all-template local audit is separate.,s-20261007-234013-ZY22GSDPFW/0017-collect-moto-2x2
moto g13,34,com.motorola.launcher3,3x1,portrait,268.0,58.0,496.0,122.0,"[[""268.57144"", ""122.28571""], [""496.57144"", ""58.285713""]]",minPair,268.0,58.0,4.62069,Strip,Strip,-42.0,-142.0,3.22069,Strip,2.05819,False,False,False,Measured options; classifications and margins computed. Current placed template only; all-template local audit is separate.,s-20261007-234013-ZY22GSDPFW/0025-collect-moto-3x1
moto g13,34,com.motorola.launcher3,3x1,portrait,268.0,58.0,496.0,122.0,"[[""268.57144"", ""122.28571""], [""496.57144"", ""58.285713""]]",maxPair,496.0,122.0,4.065574,Strip,Card,22.0,-78.0,2.665574,Card,1.503074,False,False,False,Measured options; classifications and margins computed. Current placed template only; all-template local audit is separate.,s-20261007-234013-ZY22GSDPFW/0025-collect-moto-3x1
moto g13,34,com.motorola.launcher3,3x1,portrait,268.0,58.0,496.0,122.0,"[[""268.57144"", ""122.28571""], [""496.57144"", ""58.285713""]]",portraitLike,268.0,122.0,2.196721,Strip,Card,22.0,-78.0,0.796721,Square,0.365779,False,False,False,Measured options; classifications and margins computed. Current placed template only; all-template local audit is separate.,s-20261007-234013-ZY22GSDPFW/0025-collect-moto-3x1
moto g13,34,com.motorola.launcher3,3x1,portrait,268.0,58.0,496.0,122.0,"[[""268.57144"", ""122.28571""], [""496.57144"", ""58.285713""]]",landscapeLike,496.0,58.0,8.551724,Strip,Strip,-42.0,-142.0,7.151724,Strip,5.989224,True,False,False,Measured options; classifications and margins computed. Current placed template only; all-template local audit is separate.,s-20261007-234013-ZY22GSDPFW/0025-collect-moto-3x1
moto g13,34,com.motorola.launcher3,3x1,portrait,268.0,58.0,496.0,122.0,"[[""268.57144"", ""122.28571""], [""496.57144"", ""58.285713""]]",reported[0],268.57144,122.28571,2.196262,Strip,Card,22.286,-77.714,0.796262,Square,0.366238,False,False,False,Measured options; classifications and margins computed. Current placed template only; all-template local audit is separate.,s-20261007-234013-ZY22GSDPFW/0025-collect-moto-3x1
moto g13,34,com.motorola.launcher3,3x1,portrait,268.0,58.0,496.0,122.0,"[[""268.57144"", ""122.28571""], [""496.57144"", ""58.285713""]]",reported[1],496.57144,58.285713,8.519608,Strip,Strip,-41.714,-141.714,7.119608,Strip,5.957108,False,False,False,Measured options; classifications and margins computed. Current placed template only; all-template local audit is separate.,s-20261007-234013-ZY22GSDPFW/0025-collect-moto-3x1
moto g13,34,com.motorola.launcher3,3x2,portrait,268.0,132.0,496.0,260.0,"[[""268.57144"", ""260.57144""], [""496.57144"", ""132.57143""]]",minPair,268.0,132.0,2.030303,Card,Card,32.0,-68.0,0.630303,Square,0.532197,False,False,False,Measured options; classifications and margins computed. Current placed template only; all-template local audit is separate.,s-20261008-004632-ZY22GSDPFW/0021-collect-moto-3x2
moto g13,34,com.motorola.launcher3,3x2,portrait,268.0,132.0,496.0,260.0,"[[""268.57144"", ""260.57144""], [""496.57144"", ""132.57143""]]",maxPair,496.0,260.0,1.907692,Card,Large,160.0,60.0,0.507692,Square,0.654808,False,False,False,Measured options; classifications and margins computed. Current placed template only; all-template local audit is separate.,s-20261008-004632-ZY22GSDPFW/0021-collect-moto-3x2
moto g13,34,com.motorola.launcher3,3x2,portrait,268.0,132.0,496.0,260.0,"[[""268.57144"", ""260.57144""], [""496.57144"", ""132.57143""]]",portraitLike,268.0,260.0,1.030769,Card,Square,160.0,60.0,-0.369231,Square,1.531731,False,False,False,Measured options; classifications and margins computed. Current placed template only; all-template local audit is separate.,s-20261008-004632-ZY22GSDPFW/0021-collect-moto-3x2
moto g13,34,com.motorola.launcher3,3x2,portrait,268.0,132.0,496.0,260.0,"[[""268.57144"", ""260.57144""], [""496.57144"", ""132.57143""]]",landscapeLike,496.0,132.0,3.757576,Card,Card,32.0,-68.0,2.357576,Card,1.195076,True,False,False,Measured options; classifications and margins computed. Current placed template only; all-template local audit is separate.,s-20261008-004632-ZY22GSDPFW/0021-collect-moto-3x2
moto g13,34,com.motorola.launcher3,3x2,portrait,268.0,132.0,496.0,260.0,"[[""268.57144"", ""260.57144""], [""496.57144"", ""132.57143""]]",reported[0],268.57144,260.57144,1.030702,Card,Square,160.571,60.571,-0.369298,Square,1.531798,False,False,False,Measured options; classifications and margins computed. Current placed template only; all-template local audit is separate.,s-20261008-004632-ZY22GSDPFW/0021-collect-moto-3x2
moto g13,34,com.motorola.launcher3,3x2,portrait,268.0,132.0,496.0,260.0,"[[""268.57144"", ""260.57144""], [""496.57144"", ""132.57143""]]",reported[1],496.57144,132.57143,3.74569,Card,Card,32.571,-67.429,2.34569,Card,1.18319,False,False,False,Measured options; classifications and margins computed. Current placed template only; all-template local audit is separate.,s-20261008-004632-ZY22GSDPFW/0021-collect-moto-3x2
moto g13,34,com.motorola.launcher3,3x3,portrait,268.0,206.0,496.0,398.0,"[[""268.57144"", ""398.85715""], [""496.57144"", ""206.85715""]]",minPair,268.0,206.0,1.300971,Square,Square,106.0,6.0,-0.099029,Square,1.261529,False,False,False,Measured options; classifications and margins computed. Current placed template only; all-template local audit is separate.,s-20261007-234013-ZY22GSDPFW/0040-collect-moto-3x3
moto g13,34,com.motorola.launcher3,3x3,portrait,268.0,206.0,496.0,398.0,"[[""268.57144"", ""398.85715""], [""496.57144"", ""206.85715""]]",maxPair,496.0,398.0,1.246231,Square,Square,298.0,198.0,-0.153769,Square,1.316269,False,False,False,Measured options; classifications and margins computed. Current placed template only; all-template local audit is separate.,s-20261007-234013-ZY22GSDPFW/0040-collect-moto-3x3
moto g13,34,com.motorola.launcher3,3x3,portrait,268.0,206.0,496.0,398.0,"[[""268.57144"", ""398.85715""], [""496.57144"", ""206.85715""]]",portraitLike,268.0,398.0,0.673367,Square,Square,298.0,198.0,-0.726633,Square,1.889133,False,False,False,Measured options; classifications and margins computed. Current placed template only; all-template local audit is separate.,s-20261007-234013-ZY22GSDPFW/0040-collect-moto-3x3
moto g13,34,com.motorola.launcher3,3x3,portrait,268.0,206.0,496.0,398.0,"[[""268.57144"", ""398.85715""], [""496.57144"", ""206.85715""]]",landscapeLike,496.0,206.0,2.407767,Square,Large,106.0,6.0,1.007767,Square,0.154733,True,False,False,Measured options; classifications and margins computed. Current placed template only; all-template local audit is separate.,s-20261007-234013-ZY22GSDPFW/0040-collect-moto-3x3
moto g13,34,com.motorola.launcher3,3x3,portrait,268.0,206.0,496.0,398.0,"[[""268.57144"", ""398.85715""], [""496.57144"", ""206.85715""]]",reported[0],268.57144,398.85715,0.673352,Square,Square,298.857,198.857,-0.726648,Square,1.889148,False,False,False,Measured options; classifications and margins computed. Current placed template only; all-template local audit is separate.,s-20261007-234013-ZY22GSDPFW/0040-collect-moto-3x3
moto g13,34,com.motorola.launcher3,3x3,portrait,268.0,206.0,496.0,398.0,"[[""268.57144"", ""398.85715""], [""496.57144"", ""206.85715""]]",reported[1],496.57144,206.85715,2.400552,Square,Large,106.857,6.857,1.000552,Square,0.161948,False,False,False,Measured options; classifications and margins computed. Current placed template only; all-template local audit is separate.,s-20261007-234013-ZY22GSDPFW/0040-collect-moto-3x3
moto g13,34,com.motorola.launcher3,4x1,portrait,363.0,58.0,667.0,122.0,"[[""363.42856"", ""122.28571""], [""667.4286"", ""58.285713""]]",minPair,363.0,58.0,6.258621,Strip,Strip,-42.0,-142.0,4.858621,Strip,3.696121,False,False,False,Measured options; classifications and margins computed. Current placed template only; all-template local audit is separate.,s-20261007-234013-ZY22GSDPFW/0028-collect-moto-4x1
moto g13,34,com.motorola.launcher3,4x1,portrait,363.0,58.0,667.0,122.0,"[[""363.42856"", ""122.28571""], [""667.4286"", ""58.285713""]]",maxPair,667.0,122.0,5.467213,Strip,Card,22.0,-78.0,4.067213,Card,2.904713,False,False,False,Measured options; classifications and margins computed. Current placed template only; all-template local audit is separate.,s-20261007-234013-ZY22GSDPFW/0028-collect-moto-4x1
moto g13,34,com.motorola.launcher3,4x1,portrait,363.0,58.0,667.0,122.0,"[[""363.42856"", ""122.28571""], [""667.4286"", ""58.285713""]]",portraitLike,363.0,122.0,2.97541,Strip,Card,22.0,-78.0,1.57541,Card,0.41291,False,False,False,Measured options; classifications and margins computed. Current placed template only; all-template local audit is separate.,s-20261007-234013-ZY22GSDPFW/0028-collect-moto-4x1
moto g13,34,com.motorola.launcher3,4x1,portrait,363.0,58.0,667.0,122.0,"[[""363.42856"", ""122.28571""], [""667.4286"", ""58.285713""]]",landscapeLike,667.0,58.0,11.5,Strip,Strip,-42.0,-142.0,10.1,Strip,8.9375,True,False,False,Measured options; classifications and margins computed. Current placed template only; all-template local audit is separate.,s-20261007-234013-ZY22GSDPFW/0028-collect-moto-4x1
moto g13,34,com.motorola.launcher3,4x1,portrait,363.0,58.0,667.0,122.0,"[[""363.42856"", ""122.28571""], [""667.4286"", ""58.285713""]]",reported[0],363.42856,122.28571,2.971963,Strip,Card,22.286,-77.714,1.571963,Card,0.409463,False,False,False,Measured options; classifications and margins computed. Current placed template only; all-template local audit is separate.,s-20261007-234013-ZY22GSDPFW/0028-collect-moto-4x1
moto g13,34,com.motorola.launcher3,4x1,portrait,363.0,58.0,667.0,122.0,"[[""363.42856"", ""122.28571""], [""667.4286"", ""58.285713""]]",reported[1],667.4286,58.285713,11.450981,Strip,Strip,-41.714,-141.714,10.050981,Strip,8.888481,False,False,False,Measured options; classifications and margins computed. Current placed template only; all-template local audit is separate.,s-20261007-234013-ZY22GSDPFW/0028-collect-moto-4x1
moto g13,34,com.motorola.launcher3,4x2,portrait,363.0,132.0,667.0,260.0,"[[""363.42856"", ""260.57144""], [""667.4286"", ""132.57143""]]",minPair,363.0,132.0,2.75,Card,Card,32.0,-68.0,1.35,Card,0.1875,False,False,False,Measured options; classifications and margins computed. Current placed template only; all-template local audit is separate.,s-20261007-234013-ZY22GSDPFW/0010-collect-restored
moto g13,34,com.motorola.launcher3,4x2,portrait,363.0,132.0,667.0,260.0,"[[""363.42856"", ""260.57144""], [""667.4286"", ""132.57143""]]",maxPair,667.0,260.0,2.565385,Card,Large,160.0,60.0,1.165385,Large,0.002885,False,False,False,Measured options; classifications and margins computed. Current placed template only; all-template local audit is separate.,s-20261007-234013-ZY22GSDPFW/0010-collect-restored
moto g13,34,com.motorola.launcher3,4x2,portrait,363.0,132.0,667.0,260.0,"[[""363.42856"", ""260.57144""], [""667.4286"", ""132.57143""]]",portraitLike,363.0,260.0,1.396154,Card,Square,160.0,60.0,-0.003846,Square,1.166346,False,False,False,Measured options; classifications and margins computed. Current placed template only; all-template local audit is separate.,s-20261007-234013-ZY22GSDPFW/0010-collect-restored
moto g13,34,com.motorola.launcher3,4x2,portrait,363.0,132.0,667.0,260.0,"[[""363.42856"", ""260.57144""], [""667.4286"", ""132.57143""]]",landscapeLike,667.0,132.0,5.05303,Card,Card,32.0,-68.0,3.65303,Card,2.49053,True,False,False,Measured options; classifications and margins computed. Current placed template only; all-template local audit is separate.,s-20261007-234013-ZY22GSDPFW/0010-collect-restored
moto g13,34,com.motorola.launcher3,4x2,portrait,363.0,132.0,667.0,260.0,"[[""363.42856"", ""260.57144""], [""667.4286"", ""132.57143""]]",reported[0],363.42856,260.57144,1.394737,Card,Square,160.571,60.571,-0.005263,Square,1.167763,False,False,False,Measured options; classifications and margins computed. Current placed template only; all-template local audit is separate.,s-20261007-234013-ZY22GSDPFW/0010-collect-restored
moto g13,34,com.motorola.launcher3,4x2,portrait,363.0,132.0,667.0,260.0,"[[""363.42856"", ""260.57144""], [""667.4286"", ""132.57143""]]",reported[1],667.4286,132.57143,5.034483,Card,Card,32.571,-67.429,3.634483,Card,2.471983,False,False,False,Measured options; classifications and margins computed. Current placed template only; all-template local audit is separate.,s-20261007-234013-ZY22GSDPFW/0010-collect-restored
moto g13,34,com.motorola.launcher3,4x3,portrait,363.0,206.0,667.0,398.0,"[[""363.42856"", ""398.85715""], [""667.4286"", ""206.85715""]]",minPair,363.0,206.0,1.762136,Large,Large,106.0,6.0,0.362136,Square,0.800364,False,False,False,Measured options; classifications and margins computed. Current placed template only; all-template local audit is separate.,s-20261007-234013-ZY22GSDPFW/0037-collect-moto-4x3-confirmed
moto g13,34,com.motorola.launcher3,4x3,portrait,363.0,206.0,667.0,398.0,"[[""363.42856"", ""398.85715""], [""667.4286"", ""206.85715""]]",maxPair,667.0,398.0,1.675879,Large,Large,298.0,198.0,0.275879,Square,0.886621,False,False,False,Measured options; classifications and margins computed. Current placed template only; all-template local audit is separate.,s-20261007-234013-ZY22GSDPFW/0037-collect-moto-4x3-confirmed
moto g13,34,com.motorola.launcher3,4x3,portrait,363.0,206.0,667.0,398.0,"[[""363.42856"", ""398.85715""], [""667.4286"", ""206.85715""]]",portraitLike,363.0,398.0,0.91206,Large,Square,298.0,198.0,-0.48794,Square,1.65044,False,False,False,Measured options; classifications and margins computed. Current placed template only; all-template local audit is separate.,s-20261007-234013-ZY22GSDPFW/0037-collect-moto-4x3-confirmed
moto g13,34,com.motorola.launcher3,4x3,portrait,363.0,206.0,667.0,398.0,"[[""363.42856"", ""398.85715""], [""667.4286"", ""206.85715""]]",landscapeLike,667.0,206.0,3.237864,Large,Large,106.0,6.0,1.837864,Large,0.675364,True,False,False,Measured options; classifications and margins computed. Current placed template only; all-template local audit is separate.,s-20261007-234013-ZY22GSDPFW/0037-collect-moto-4x3-confirmed
moto g13,34,com.motorola.launcher3,4x3,portrait,363.0,206.0,667.0,398.0,"[[""363.42856"", ""398.85715""], [""667.4286"", ""206.85715""]]",reported[0],363.42856,398.85715,0.911175,Large,Square,298.857,198.857,-0.488825,Square,1.651325,False,False,False,Measured options; classifications and margins computed. Current placed template only; all-template local audit is separate.,s-20261007-234013-ZY22GSDPFW/0037-collect-moto-4x3-confirmed
moto g13,34,com.motorola.launcher3,4x3,portrait,363.0,206.0,667.0,398.0,"[[""363.42856"", ""398.85715""], [""667.4286"", ""206.85715""]]",reported[1],667.4286,206.85715,3.226519,Large,Large,106.857,6.857,1.826519,Large,0.664019,False,False,False,Measured options; classifications and margins computed. Current placed template only; all-template local audit is separate.,s-20261007-234013-ZY22GSDPFW/0037-collect-moto-4x3-confirmed
moto g13,34,com.motorola.launcher3,4x4,portrait,363.0,281.0,667.0,537.0,"[[""363.42856"", ""537.1429""], [""667.4286"", ""281.14285""]]",minPair,363.0,281.0,1.291815,Square,Square,181.0,81.0,-0.108185,Square,1.270685,False,False,False,Measured options; classifications and margins computed. Current placed template only; all-template local audit is separate.,s-20261008-004632-ZY22GSDPFW/0009-collect-moto-4x4
moto g13,34,com.motorola.launcher3,4x4,portrait,363.0,281.0,667.0,537.0,"[[""363.42856"", ""537.1429""], [""667.4286"", ""281.14285""]]",maxPair,667.0,537.0,1.242086,Square,Square,437.0,337.0,-0.157914,Square,1.320414,False,False,False,Measured options; classifications and margins computed. Current placed template only; all-template local audit is separate.,s-20261008-004632-ZY22GSDPFW/0009-collect-moto-4x4
moto g13,34,com.motorola.launcher3,4x4,portrait,363.0,281.0,667.0,537.0,"[[""363.42856"", ""537.1429""], [""667.4286"", ""281.14285""]]",portraitLike,363.0,537.0,0.675978,Square,Square,437.0,337.0,-0.724022,Square,1.886522,False,False,False,Measured options; classifications and margins computed. Current placed template only; all-template local audit is separate.,s-20261008-004632-ZY22GSDPFW/0009-collect-moto-4x4
moto g13,34,com.motorola.launcher3,4x4,portrait,363.0,281.0,667.0,537.0,"[[""363.42856"", ""537.1429""], [""667.4286"", ""281.14285""]]",landscapeLike,667.0,281.0,2.373665,Square,Large,181.0,81.0,0.973665,Square,0.188835,True,False,False,Measured options; classifications and margins computed. Current placed template only; all-template local audit is separate.,s-20261008-004632-ZY22GSDPFW/0009-collect-moto-4x4
moto g13,34,com.motorola.launcher3,4x4,portrait,363.0,281.0,667.0,537.0,"[[""363.42856"", ""537.1429""], [""667.4286"", ""281.14285""]]",reported[0],363.42856,537.1429,0.676596,Square,Square,437.143,337.143,-0.723404,Square,1.885904,False,False,False,Measured options; classifications and margins computed. Current placed template only; all-template local audit is separate.,s-20261008-004632-ZY22GSDPFW/0009-collect-moto-4x4
moto g13,34,com.motorola.launcher3,4x4,portrait,363.0,281.0,667.0,537.0,"[[""363.42856"", ""537.1429""], [""667.4286"", ""281.14285""]]",reported[1],667.4286,281.14285,2.373984,Square,Large,181.143,81.143,0.973984,Square,0.188516,False,False,False,Measured options; classifications and margins computed. Current placed template only; all-template local audit is separate.,s-20261008-004632-ZY22GSDPFW/0009-collect-moto-4x4
Pixel API35 emulator,35,com.google.android.apps.nexuslauncher,2x1,portrait,172.0,62.0,332.0,108.0,"[[""172.19048"", ""108.95238""], [""172.19048"", ""104.0""], [""332.1905"", ""62.857143""], [""332.1905"", ""62.857143""]]",minPair,172.0,62.0,2.774194,Strip,Strip,-38.0,-138.0,1.374194,Strip,0.211694,False,False,False,Measured options; classifications and margins computed. Current placed template only; all-template local audit is separate.,s-20261007-235716-emulator-5560/0022-collect-pixel35-2x1
Pixel API35 emulator,35,com.google.android.apps.nexuslauncher,2x1,portrait,172.0,62.0,332.0,108.0,"[[""172.19048"", ""108.95238""], [""172.19048"", ""104.0""], [""332.1905"", ""62.857143""], [""332.1905"", ""62.857143""]]",maxPair,332.0,108.0,3.074074,Strip,Card,8.0,-92.0,1.674074,Card,0.511574,False,False,False,Measured options; classifications and margins computed. Current placed template only; all-template local audit is separate.,s-20261007-235716-emulator-5560/0022-collect-pixel35-2x1
Pixel API35 emulator,35,com.google.android.apps.nexuslauncher,2x1,portrait,172.0,62.0,332.0,108.0,"[[""172.19048"", ""108.95238""], [""172.19048"", ""104.0""], [""332.1905"", ""62.857143""], [""332.1905"", ""62.857143""]]",portraitLike,172.0,108.0,1.592593,Strip,Card,8.0,-92.0,0.192593,Square,0.969907,False,False,False,Measured options; classifications and margins computed. Current placed template only; all-template local audit is separate.,s-20261007-235716-emulator-5560/0022-collect-pixel35-2x1
Pixel API35 emulator,35,com.google.android.apps.nexuslauncher,2x1,portrait,172.0,62.0,332.0,108.0,"[[""172.19048"", ""108.95238""], [""172.19048"", ""104.0""], [""332.1905"", ""62.857143""], [""332.1905"", ""62.857143""]]",landscapeLike,332.0,62.0,5.354839,Strip,Strip,-38.0,-138.0,3.954839,Strip,2.792339,True,False,False,Measured options; classifications and margins computed. Current placed template only; all-template local audit is separate.,s-20261007-235716-emulator-5560/0022-collect-pixel35-2x1
Pixel API35 emulator,35,com.google.android.apps.nexuslauncher,2x1,portrait,172.0,62.0,332.0,108.0,"[[""172.19048"", ""108.95238""], [""172.19048"", ""104.0""], [""332.1905"", ""62.857143""], [""332.1905"", ""62.857143""]]",reported[0],172.19048,108.95238,1.58042,Strip,Card,8.952,-91.048,0.18042,Square,0.98208,False,False,False,Measured options; classifications and margins computed. Current placed template only; all-template local audit is separate.,s-20261007-235716-emulator-5560/0022-collect-pixel35-2x1
Pixel API35 emulator,35,com.google.android.apps.nexuslauncher,2x1,portrait,172.0,62.0,332.0,108.0,"[[""172.19048"", ""108.95238""], [""172.19048"", ""104.0""], [""332.1905"", ""62.857143""], [""332.1905"", ""62.857143""]]",reported[1],172.19048,104.0,1.655678,Strip,Card,4.0,-96.0,0.255678,Square,0.906822,False,False,False,Measured options; classifications and margins computed. Current placed template only; all-template local audit is separate.,s-20261007-235716-emulator-5560/0022-collect-pixel35-2x1
Pixel API35 emulator,35,com.google.android.apps.nexuslauncher,2x1,portrait,172.0,62.0,332.0,108.0,"[[""172.19048"", ""108.95238""], [""172.19048"", ""104.0""], [""332.1905"", ""62.857143""], [""332.1905"", ""62.857143""]]",reported[2],332.1905,62.857143,5.284849,Strip,Strip,-37.143,-137.143,3.884849,Strip,2.722349,False,False,False,Measured options; classifications and margins computed. Current placed template only; all-template local audit is separate.,s-20261007-235716-emulator-5560/0022-collect-pixel35-2x1
Pixel API35 emulator,35,com.google.android.apps.nexuslauncher,2x1,portrait,172.0,62.0,332.0,108.0,"[[""172.19048"", ""108.95238""], [""172.19048"", ""104.0""], [""332.1905"", ""62.857143""], [""332.1905"", ""62.857143""]]",reported[3],332.1905,62.857143,5.284849,Strip,Strip,-37.143,-137.143,3.884849,Strip,2.722349,False,False,False,Measured options; classifications and margins computed. Current placed template only; all-template local audit is separate.,s-20261007-235716-emulator-5560/0022-collect-pixel35-2x1
Pixel API35 emulator,35,com.google.android.apps.nexuslauncher,2x2,portrait,172.0,135.0,332.0,233.0,"[[""172.19048"", ""233.90475""], [""172.19048"", ""224.0""], [""332.1905"", ""135.61905""], [""332.1905"", ""135.61905""]]",minPair,172.0,135.0,1.274074,Square,Square,35.0,-65.0,-0.125926,Square,1.288426,False,False,False,Measured options; classifications and margins computed. Current placed template only; all-template local audit is separate.,s-20261007-235716-emulator-5560/0018-collect-pixel35-2x2
Pixel API35 emulator,35,com.google.android.apps.nexuslauncher,2x2,portrait,172.0,135.0,332.0,233.0,"[[""172.19048"", ""233.90475""], [""172.19048"", ""224.0""], [""332.1905"", ""135.61905""], [""332.1905"", ""135.61905""]]",maxPair,332.0,233.0,1.424893,Square,Large,133.0,33.0,0.024893,Square,1.137607,False,False,False,Measured options; classifications and margins computed. Current placed template only; all-template local audit is separate.,s-20261007-235716-emulator-5560/0018-collect-pixel35-2x2
Pixel API35 emulator,35,com.google.android.apps.nexuslauncher,2x2,portrait,172.0,135.0,332.0,233.0,"[[""172.19048"", ""233.90475""], [""172.19048"", ""224.0""], [""332.1905"", ""135.61905""], [""332.1905"", ""135.61905""]]",portraitLike,172.0,233.0,0.738197,Square,Square,133.0,33.0,-0.661803,Square,1.824303,False,False,False,Measured options; classifications and margins computed. Current placed template only; all-template local audit is separate.,s-20261007-235716-emulator-5560/0018-collect-pixel35-2x2
Pixel API35 emulator,35,com.google.android.apps.nexuslauncher,2x2,portrait,172.0,135.0,332.0,233.0,"[[""172.19048"", ""233.90475""], [""172.19048"", ""224.0""], [""332.1905"", ""135.61905""], [""332.1905"", ""135.61905""]]",landscapeLike,332.0,135.0,2.459259,Square,Card,35.0,-65.0,1.059259,Square,0.103241,True,False,False,Measured options; classifications and margins computed. Current placed template only; all-template local audit is separate.,s-20261007-235716-emulator-5560/0018-collect-pixel35-2x2
Pixel API35 emulator,35,com.google.android.apps.nexuslauncher,2x2,portrait,172.0,135.0,332.0,233.0,"[[""172.19048"", ""233.90475""], [""172.19048"", ""224.0""], [""332.1905"", ""135.61905""], [""332.1905"", ""135.61905""]]",reported[0],172.19048,233.90475,0.736156,Square,Square,133.905,33.905,-0.663844,Square,1.826344,False,False,False,Measured options; classifications and margins computed. Current placed template only; all-template local audit is separate.,s-20261007-235716-emulator-5560/0018-collect-pixel35-2x2
Pixel API35 emulator,35,com.google.android.apps.nexuslauncher,2x2,portrait,172.0,135.0,332.0,233.0,"[[""172.19048"", ""233.90475""], [""172.19048"", ""224.0""], [""332.1905"", ""135.61905""], [""332.1905"", ""135.61905""]]",reported[1],172.19048,224.0,0.768707,Square,Square,124.0,24.0,-0.631292,Square,1.793792,False,False,False,Measured options; classifications and margins computed. Current placed template only; all-template local audit is separate.,s-20261007-235716-emulator-5560/0018-collect-pixel35-2x2
Pixel API35 emulator,35,com.google.android.apps.nexuslauncher,2x2,portrait,172.0,135.0,332.0,233.0,"[[""172.19048"", ""233.90475""], [""172.19048"", ""224.0""], [""332.1905"", ""135.61905""], [""332.1905"", ""135.61905""]]",reported[2],332.1905,135.61905,2.449438,Square,Card,35.619,-64.381,1.049438,Square,0.113062,False,False,False,Measured options; classifications and margins computed. Current placed template only; all-template local audit is separate.,s-20261007-235716-emulator-5560/0018-collect-pixel35-2x2
Pixel API35 emulator,35,com.google.android.apps.nexuslauncher,2x2,portrait,172.0,135.0,332.0,233.0,"[[""172.19048"", ""233.90475""], [""172.19048"", ""224.0""], [""332.1905"", ""135.61905""], [""332.1905"", ""135.61905""]]",reported[3],332.1905,135.61905,2.449438,Square,Card,35.619,-64.381,1.049438,Square,0.113062,False,False,False,Measured options; classifications and margins computed. Current placed template only; all-template local audit is separate.,s-20261007-235716-emulator-5560/0018-collect-pixel35-2x2
Pixel API35 emulator,35,com.google.android.apps.nexuslauncher,3x1,portrait,266.0,62.0,504.0,108.0,"[[""266.2857"", ""108.95238""], [""266.2857"", ""104.0""], [""504.38095"", ""62.857143""], [""504.38095"", ""62.857143""]]",minPair,266.0,62.0,4.290323,Strip,Strip,-38.0,-138.0,2.890323,Strip,1.727823,False,False,False,Measured options; classifications and margins computed. Current placed template only; all-template local audit is separate.,s-20261007-235716-emulator-5560/0025-collect-pixel35-3x1
Pixel API35 emulator,35,com.google.android.apps.nexuslauncher,3x1,portrait,266.0,62.0,504.0,108.0,"[[""266.2857"", ""108.95238""], [""266.2857"", ""104.0""], [""504.38095"", ""62.857143""], [""504.38095"", ""62.857143""]]",maxPair,504.0,108.0,4.666667,Strip,Card,8.0,-92.0,3.266667,Card,2.104167,False,False,False,Measured options; classifications and margins computed. Current placed template only; all-template local audit is separate.,s-20261007-235716-emulator-5560/0025-collect-pixel35-3x1
Pixel API35 emulator,35,com.google.android.apps.nexuslauncher,3x1,portrait,266.0,62.0,504.0,108.0,"[[""266.2857"", ""108.95238""], [""266.2857"", ""104.0""], [""504.38095"", ""62.857143""], [""504.38095"", ""62.857143""]]",portraitLike,266.0,108.0,2.462963,Strip,Card,8.0,-92.0,1.062963,Square,0.099537,False,False,False,Measured options; classifications and margins computed. Current placed template only; all-template local audit is separate.,s-20261007-235716-emulator-5560/0025-collect-pixel35-3x1
Pixel API35 emulator,35,com.google.android.apps.nexuslauncher,3x1,portrait,266.0,62.0,504.0,108.0,"[[""266.2857"", ""108.95238""], [""266.2857"", ""104.0""], [""504.38095"", ""62.857143""], [""504.38095"", ""62.857143""]]",landscapeLike,504.0,62.0,8.129032,Strip,Strip,-38.0,-138.0,6.729032,Strip,5.566532,True,False,False,Measured options; classifications and margins computed. Current placed template only; all-template local audit is separate.,s-20261007-235716-emulator-5560/0025-collect-pixel35-3x1
Pixel API35 emulator,35,com.google.android.apps.nexuslauncher,3x1,portrait,266.0,62.0,504.0,108.0,"[[""266.2857"", ""108.95238""], [""266.2857"", ""104.0""], [""504.38095"", ""62.857143""], [""504.38095"", ""62.857143""]]",reported[0],266.2857,108.95238,2.444056,Strip,Card,8.952,-91.048,1.044056,Square,0.118444,False,False,False,Measured options; classifications and margins computed. Current placed template only; all-template local audit is separate.,s-20261007-235716-emulator-5560/0025-collect-pixel35-3x1
Pixel API35 emulator,35,com.google.android.apps.nexuslauncher,3x1,portrait,266.0,62.0,504.0,108.0,"[[""266.2857"", ""108.95238""], [""266.2857"", ""104.0""], [""504.38095"", ""62.857143""], [""504.38095"", ""62.857143""]]",reported[1],266.2857,104.0,2.560439,Strip,Card,4.0,-96.0,1.160439,Square,0.002061,False,False,False,Measured options; classifications and margins computed. Current placed template only; all-template local audit is separate.,s-20261007-235716-emulator-5560/0025-collect-pixel35-3x1
Pixel API35 emulator,35,com.google.android.apps.nexuslauncher,3x1,portrait,266.0,62.0,504.0,108.0,"[[""266.2857"", ""108.95238""], [""266.2857"", ""104.0""], [""504.38095"", ""62.857143""], [""504.38095"", ""62.857143""]]",reported[2],504.38095,62.857143,8.024242,Strip,Strip,-37.143,-137.143,6.624242,Strip,5.461742,False,False,False,Measured options; classifications and margins computed. Current placed template only; all-template local audit is separate.,s-20261007-235716-emulator-5560/0025-collect-pixel35-3x1
Pixel API35 emulator,35,com.google.android.apps.nexuslauncher,3x1,portrait,266.0,62.0,504.0,108.0,"[[""266.2857"", ""108.95238""], [""266.2857"", ""104.0""], [""504.38095"", ""62.857143""], [""504.38095"", ""62.857143""]]",reported[3],504.38095,62.857143,8.024242,Strip,Strip,-37.143,-137.143,6.624242,Strip,5.461742,False,False,False,Measured options; classifications and margins computed. Current placed template only; all-template local audit is separate.,s-20261007-235716-emulator-5560/0025-collect-pixel35-3x1
Pixel API35 emulator,35,com.google.android.apps.nexuslauncher,3x2,portrait,266.0,135.0,504.0,233.0,"[[""266.2857"", ""233.90475""], [""266.2857"", ""224.0""], [""504.38095"", ""135.61905""], [""504.38095"", ""135.61905""]]",minPair,266.0,135.0,1.97037,Card,Card,35.0,-65.0,0.57037,Square,0.59213,False,False,False,Measured options; classifications and margins computed. Current placed template only; all-template local audit is separate.,s-20261007-235716-emulator-5560/0034-collect-pixel35-3x2
Pixel API35 emulator,35,com.google.android.apps.nexuslauncher,3x2,portrait,266.0,135.0,504.0,233.0,"[[""266.2857"", ""233.90475""], [""266.2857"", ""224.0""], [""504.38095"", ""135.61905""], [""504.38095"", ""135.61905""]]",maxPair,504.0,233.0,2.16309,Card,Large,133.0,33.0,0.76309,Square,0.39941,False,False,False,Measured options; classifications and margins computed. Current placed template only; all-template local audit is separate.,s-20261007-235716-emulator-5560/0034-collect-pixel35-3x2
Pixel API35 emulator,35,com.google.android.apps.nexuslauncher,3x2,portrait,266.0,135.0,504.0,233.0,"[[""266.2857"", ""233.90475""], [""266.2857"", ""224.0""], [""504.38095"", ""135.61905""], [""504.38095"", ""135.61905""]]",portraitLike,266.0,233.0,1.141631,Card,Square,133.0,33.0,-0.258369,Square,1.420869,False,False,False,Measured options; classifications and margins computed. Current placed template only; all-template local audit is separate.,s-20261007-235716-emulator-5560/0034-collect-pixel35-3x2
Pixel API35 emulator,35,com.google.android.apps.nexuslauncher,3x2,portrait,266.0,135.0,504.0,233.0,"[[""266.2857"", ""233.90475""], [""266.2857"", ""224.0""], [""504.38095"", ""135.61905""], [""504.38095"", ""135.61905""]]",landscapeLike,504.0,135.0,3.733333,Card,Card,35.0,-65.0,2.333333,Card,1.170833,True,False,False,Measured options; classifications and margins computed. Current placed template only; all-template local audit is separate.,s-20261007-235716-emulator-5560/0034-collect-pixel35-3x2
Pixel API35 emulator,35,com.google.android.apps.nexuslauncher,3x2,portrait,266.0,135.0,504.0,233.0,"[[""266.2857"", ""233.90475""], [""266.2857"", ""224.0""], [""504.38095"", ""135.61905""], [""504.38095"", ""135.61905""]]",reported[0],266.2857,233.90475,1.138436,Card,Square,133.905,33.905,-0.261564,Square,1.424064,False,False,False,Measured options; classifications and margins computed. Current placed template only; all-template local audit is separate.,s-20261007-235716-emulator-5560/0034-collect-pixel35-3x2
Pixel API35 emulator,35,com.google.android.apps.nexuslauncher,3x2,portrait,266.0,135.0,504.0,233.0,"[[""266.2857"", ""233.90475""], [""266.2857"", ""224.0""], [""504.38095"", ""135.61905""], [""504.38095"", ""135.61905""]]",reported[1],266.2857,224.0,1.188775,Card,Square,124.0,24.0,-0.211225,Square,1.373725,False,False,False,Measured options; classifications and margins computed. Current placed template only; all-template local audit is separate.,s-20261007-235716-emulator-5560/0034-collect-pixel35-3x2
Pixel API35 emulator,35,com.google.android.apps.nexuslauncher,3x2,portrait,266.0,135.0,504.0,233.0,"[[""266.2857"", ""233.90475""], [""266.2857"", ""224.0""], [""504.38095"", ""135.61905""], [""504.38095"", ""135.61905""]]",reported[2],504.38095,135.61905,3.719101,Card,Card,35.619,-64.381,2.319101,Card,1.156601,False,False,False,Measured options; classifications and margins computed. Current placed template only; all-template local audit is separate.,s-20261007-235716-emulator-5560/0034-collect-pixel35-3x2
Pixel API35 emulator,35,com.google.android.apps.nexuslauncher,3x2,portrait,266.0,135.0,504.0,233.0,"[[""266.2857"", ""233.90475""], [""266.2857"", ""224.0""], [""504.38095"", ""135.61905""], [""504.38095"", ""135.61905""]]",reported[3],504.38095,135.61905,3.719101,Card,Card,35.619,-64.381,2.319101,Card,1.156601,False,False,False,Measured options; classifications and margins computed. Current placed template only; all-template local audit is separate.,s-20261007-235716-emulator-5560/0034-collect-pixel35-3x2
Pixel API35 emulator,35,com.google.android.apps.nexuslauncher,3x3,portrait,266.0,208.0,504.0,358.0,"[[""266.2857"", ""358.85715""], [""266.2857"", ""344.0""], [""504.38095"", ""208.38095""], [""504.38095"", ""208.38095""]]",minPair,266.0,208.0,1.278846,Square,Square,108.0,8.0,-0.121154,Square,1.283654,False,False,False,Measured options; classifications and margins computed. Current placed template only; all-template local audit is separate.,s-20261007-235716-emulator-5560/0037-collect-pixel35-3x3
Pixel API35 emulator,35,com.google.android.apps.nexuslauncher,3x3,portrait,266.0,208.0,504.0,358.0,"[[""266.2857"", ""358.85715""], [""266.2857"", ""344.0""], [""504.38095"", ""208.38095""], [""504.38095"", ""208.38095""]]",maxPair,504.0,358.0,1.407821,Square,Large,258.0,158.0,0.007821,Square,1.154679,False,False,False,Measured options; classifications and margins computed. Current placed template only; all-template local audit is separate.,s-20261007-235716-emulator-5560/0037-collect-pixel35-3x3
Pixel API35 emulator,35,com.google.android.apps.nexuslauncher,3x3,portrait,266.0,208.0,504.0,358.0,"[[""266.2857"", ""358.85715""], [""266.2857"", ""344.0""], [""504.38095"", ""208.38095""], [""504.38095"", ""208.38095""]]",portraitLike,266.0,358.0,0.743017,Square,Square,258.0,158.0,-0.656983,Square,1.819483,False,False,False,Measured options; classifications and margins computed. Current placed template only; all-template local audit is separate.,s-20261007-235716-emulator-5560/0037-collect-pixel35-3x3
Pixel API35 emulator,35,com.google.android.apps.nexuslauncher,3x3,portrait,266.0,208.0,504.0,358.0,"[[""266.2857"", ""358.85715""], [""266.2857"", ""344.0""], [""504.38095"", ""208.38095""], [""504.38095"", ""208.38095""]]",landscapeLike,504.0,208.0,2.423077,Square,Large,108.0,8.0,1.023077,Square,0.139423,True,False,False,Measured options; classifications and margins computed. Current placed template only; all-template local audit is separate.,s-20261007-235716-emulator-5560/0037-collect-pixel35-3x3
Pixel API35 emulator,35,com.google.android.apps.nexuslauncher,3x3,portrait,266.0,208.0,504.0,358.0,"[[""266.2857"", ""358.85715""], [""266.2857"", ""344.0""], [""504.38095"", ""208.38095""], [""504.38095"", ""208.38095""]]",reported[0],266.2857,358.85715,0.742038,Square,Square,258.857,158.857,-0.657962,Square,1.820462,False,False,False,Measured options; classifications and margins computed. Current placed template only; all-template local audit is separate.,s-20261007-235716-emulator-5560/0037-collect-pixel35-3x3
Pixel API35 emulator,35,com.google.android.apps.nexuslauncher,3x3,portrait,266.0,208.0,504.0,358.0,"[[""266.2857"", ""358.85715""], [""266.2857"", ""344.0""], [""504.38095"", ""208.38095""], [""504.38095"", ""208.38095""]]",reported[1],266.2857,344.0,0.774086,Square,Square,244.0,144.0,-0.625914,Square,1.788414,False,False,False,Measured options; classifications and margins computed. Current placed template only; all-template local audit is separate.,s-20261007-235716-emulator-5560/0037-collect-pixel35-3x3
Pixel API35 emulator,35,com.google.android.apps.nexuslauncher,3x3,portrait,266.0,208.0,504.0,358.0,"[[""266.2857"", ""358.85715""], [""266.2857"", ""344.0""], [""504.38095"", ""208.38095""], [""504.38095"", ""208.38095""]]",reported[2],504.38095,208.38095,2.420475,Square,Large,108.381,8.381,1.020475,Square,0.142025,False,False,False,Measured options; classifications and margins computed. Current placed template only; all-template local audit is separate.,s-20261007-235716-emulator-5560/0037-collect-pixel35-3x3
Pixel API35 emulator,35,com.google.android.apps.nexuslauncher,3x3,portrait,266.0,208.0,504.0,358.0,"[[""266.2857"", ""358.85715""], [""266.2857"", ""344.0""], [""504.38095"", ""208.38095""], [""504.38095"", ""208.38095""]]",reported[3],504.38095,208.38095,2.420475,Square,Large,108.381,8.381,1.020475,Square,0.142025,False,False,False,Measured options; classifications and margins computed. Current placed template only; all-template local audit is separate.,s-20261007-235716-emulator-5560/0037-collect-pixel35-3x3
Pixel API35 emulator,35,com.google.android.apps.nexuslauncher,4x1,portrait,360.0,62.0,676.0,108.0,"[[""360.38095"", ""108.95238""], [""360.38095"", ""104.0""], [""676.5714"", ""62.857143""], [""676.5714"", ""62.857143""]]",minPair,360.0,62.0,5.806452,Strip,Strip,-38.0,-138.0,4.406452,Strip,3.243952,False,False,False,Measured options; classifications and margins computed. Current placed template only; all-template local audit is separate.,s-20261007-235716-emulator-5560/0028-collect-pixel35-4x1
Pixel API35 emulator,35,com.google.android.apps.nexuslauncher,4x1,portrait,360.0,62.0,676.0,108.0,"[[""360.38095"", ""108.95238""], [""360.38095"", ""104.0""], [""676.5714"", ""62.857143""], [""676.5714"", ""62.857143""]]",maxPair,676.0,108.0,6.259259,Strip,Card,8.0,-92.0,4.859259,Card,3.696759,False,False,False,Measured options; classifications and margins computed. Current placed template only; all-template local audit is separate.,s-20261007-235716-emulator-5560/0028-collect-pixel35-4x1
Pixel API35 emulator,35,com.google.android.apps.nexuslauncher,4x1,portrait,360.0,62.0,676.0,108.0,"[[""360.38095"", ""108.95238""], [""360.38095"", ""104.0""], [""676.5714"", ""62.857143""], [""676.5714"", ""62.857143""]]",portraitLike,360.0,108.0,3.333333,Strip,Card,8.0,-92.0,1.933333,Card,0.770833,False,False,False,Measured options; classifications and margins computed. Current placed template only; all-template local audit is separate.,s-20261007-235716-emulator-5560/0028-collect-pixel35-4x1
Pixel API35 emulator,35,com.google.android.apps.nexuslauncher,4x1,portrait,360.0,62.0,676.0,108.0,"[[""360.38095"", ""108.95238""], [""360.38095"", ""104.0""], [""676.5714"", ""62.857143""], [""676.5714"", ""62.857143""]]",landscapeLike,676.0,62.0,10.903226,Strip,Strip,-38.0,-138.0,9.503226,Strip,8.340726,True,False,False,Measured options; classifications and margins computed. Current placed template only; all-template local audit is separate.,s-20261007-235716-emulator-5560/0028-collect-pixel35-4x1
Pixel API35 emulator,35,com.google.android.apps.nexuslauncher,4x1,portrait,360.0,62.0,676.0,108.0,"[[""360.38095"", ""108.95238""], [""360.38095"", ""104.0""], [""676.5714"", ""62.857143""], [""676.5714"", ""62.857143""]]",reported[0],360.38095,108.95238,3.307692,Strip,Card,8.952,-91.048,1.907692,Card,0.745192,False,False,False,Measured options; classifications and margins computed. Current placed template only; all-template local audit is separate.,s-20261007-235716-emulator-5560/0028-collect-pixel35-4x1
Pixel API35 emulator,35,com.google.android.apps.nexuslauncher,4x1,portrait,360.0,62.0,676.0,108.0,"[[""360.38095"", ""108.95238""], [""360.38095"", ""104.0""], [""676.5714"", ""62.857143""], [""676.5714"", ""62.857143""]]",reported[1],360.38095,104.0,3.465201,Strip,Card,4.0,-96.0,2.065201,Card,0.902701,False,False,False,Measured options; classifications and margins computed. Current placed template only; all-template local audit is separate.,s-20261007-235716-emulator-5560/0028-collect-pixel35-4x1
Pixel API35 emulator,35,com.google.android.apps.nexuslauncher,4x1,portrait,360.0,62.0,676.0,108.0,"[[""360.38095"", ""108.95238""], [""360.38095"", ""104.0""], [""676.5714"", ""62.857143""], [""676.5714"", ""62.857143""]]",reported[2],676.5714,62.857143,10.763636,Strip,Strip,-37.143,-137.143,9.363636,Strip,8.201136,False,False,False,Measured options; classifications and margins computed. Current placed template only; all-template local audit is separate.,s-20261007-235716-emulator-5560/0028-collect-pixel35-4x1
Pixel API35 emulator,35,com.google.android.apps.nexuslauncher,4x1,portrait,360.0,62.0,676.0,108.0,"[[""360.38095"", ""108.95238""], [""360.38095"", ""104.0""], [""676.5714"", ""62.857143""], [""676.5714"", ""62.857143""]]",reported[3],676.5714,62.857143,10.763636,Strip,Strip,-37.143,-137.143,9.363636,Strip,8.201136,False,False,False,Measured options; classifications and margins computed. Current placed template only; all-template local audit is separate.,s-20261007-235716-emulator-5560/0028-collect-pixel35-4x1
Pixel API35 emulator,35,com.google.android.apps.nexuslauncher,4x2,portrait,360.0,135.0,676.0,233.0,"[[""360.38095"", ""233.90475""], [""360.38095"", ""224.0""], [""676.5714"", ""135.61905""], [""676.5714"", ""135.61905""]]",minPair,360.0,135.0,2.666667,Card,Card,35.0,-65.0,1.266667,Card,0.104167,False,False,False,Measured options; classifications and margins computed. Current placed template only; all-template local audit is separate.,s-20261007-235716-emulator-5560/0031-collect-pixel35-4x2
Pixel API35 emulator,35,com.google.android.apps.nexuslauncher,4x2,portrait,360.0,135.0,676.0,233.0,"[[""360.38095"", ""233.90475""], [""360.38095"", ""224.0""], [""676.5714"", ""135.61905""], [""676.5714"", ""135.61905""]]",maxPair,676.0,233.0,2.901288,Card,Large,133.0,33.0,1.501288,Large,0.338788,False,False,False,Measured options; classifications and margins computed. Current placed template only; all-template local audit is separate.,s-20261007-235716-emulator-5560/0031-collect-pixel35-4x2
Pixel API35 emulator,35,com.google.android.apps.nexuslauncher,4x2,portrait,360.0,135.0,676.0,233.0,"[[""360.38095"", ""233.90475""], [""360.38095"", ""224.0""], [""676.5714"", ""135.61905""], [""676.5714"", ""135.61905""]]",portraitLike,360.0,233.0,1.545064,Card,Large,133.0,33.0,0.145064,Square,1.017436,False,False,False,Measured options; classifications and margins computed. Current placed template only; all-template local audit is separate.,s-20261007-235716-emulator-5560/0031-collect-pixel35-4x2
Pixel API35 emulator,35,com.google.android.apps.nexuslauncher,4x2,portrait,360.0,135.0,676.0,233.0,"[[""360.38095"", ""233.90475""], [""360.38095"", ""224.0""], [""676.5714"", ""135.61905""], [""676.5714"", ""135.61905""]]",landscapeLike,676.0,135.0,5.007407,Card,Card,35.0,-65.0,3.607407,Card,2.444907,True,False,False,Measured options; classifications and margins computed. Current placed template only; all-template local audit is separate.,s-20261007-235716-emulator-5560/0031-collect-pixel35-4x2
Pixel API35 emulator,35,com.google.android.apps.nexuslauncher,4x2,portrait,360.0,135.0,676.0,233.0,"[[""360.38095"", ""233.90475""], [""360.38095"", ""224.0""], [""676.5714"", ""135.61905""], [""676.5714"", ""135.61905""]]",reported[0],360.38095,233.90475,1.540717,Card,Large,133.905,33.905,0.140717,Square,1.021783,False,False,False,Measured options; classifications and margins computed. Current placed template only; all-template local audit is separate.,s-20261007-235716-emulator-5560/0031-collect-pixel35-4x2
Pixel API35 emulator,35,com.google.android.apps.nexuslauncher,4x2,portrait,360.0,135.0,676.0,233.0,"[[""360.38095"", ""233.90475""], [""360.38095"", ""224.0""], [""676.5714"", ""135.61905""], [""676.5714"", ""135.61905""]]",reported[1],360.38095,224.0,1.608844,Card,Large,124.0,24.0,0.208844,Square,0.953656,False,False,False,Measured options; classifications and margins computed. Current placed template only; all-template local audit is separate.,s-20261007-235716-emulator-5560/0031-collect-pixel35-4x2
Pixel API35 emulator,35,com.google.android.apps.nexuslauncher,4x2,portrait,360.0,135.0,676.0,233.0,"[[""360.38095"", ""233.90475""], [""360.38095"", ""224.0""], [""676.5714"", ""135.61905""], [""676.5714"", ""135.61905""]]",reported[2],676.5714,135.61905,4.988764,Card,Card,35.619,-64.381,3.588764,Card,2.426264,False,False,False,Measured options; classifications and margins computed. Current placed template only; all-template local audit is separate.,s-20261007-235716-emulator-5560/0031-collect-pixel35-4x2
Pixel API35 emulator,35,com.google.android.apps.nexuslauncher,4x2,portrait,360.0,135.0,676.0,233.0,"[[""360.38095"", ""233.90475""], [""360.38095"", ""224.0""], [""676.5714"", ""135.61905""], [""676.5714"", ""135.61905""]]",reported[3],676.5714,135.61905,4.988764,Card,Card,35.619,-64.381,3.588764,Card,2.426264,False,False,False,Measured options; classifications and margins computed. Current placed template only; all-template local audit is separate.,s-20261007-235716-emulator-5560/0031-collect-pixel35-4x2
Pixel API35 emulator,35,com.google.android.apps.nexuslauncher,4x3,portrait,360.0,208.0,676.0,358.0,"[[""360.38095"", ""358.85715""], [""360.38095"", ""344.0""], [""676.5714"", ""208.38095""], [""676.5714"", ""208.38095""]]",minPair,360.0,208.0,1.730769,Large,Large,108.0,8.0,0.330769,Square,0.831731,False,False,False,Measured options; classifications and margins computed. Current placed template only; all-template local audit is separate.,s-20261007-235716-emulator-5560/0040-collect-pixel35-4x3
Pixel API35 emulator,35,com.google.android.apps.nexuslauncher,4x3,portrait,360.0,208.0,676.0,358.0,"[[""360.38095"", ""358.85715""], [""360.38095"", ""344.0""], [""676.5714"", ""208.38095""], [""676.5714"", ""208.38095""]]",maxPair,676.0,358.0,1.888268,Large,Large,258.0,158.0,0.488268,Square,0.674232,False,False,False,Measured options; classifications and margins computed. Current placed template only; all-template local audit is separate.,s-20261007-235716-emulator-5560/0040-collect-pixel35-4x3
Pixel API35 emulator,35,com.google.android.apps.nexuslauncher,4x3,portrait,360.0,208.0,676.0,358.0,"[[""360.38095"", ""358.85715""], [""360.38095"", ""344.0""], [""676.5714"", ""208.38095""], [""676.5714"", ""208.38095""]]",portraitLike,360.0,358.0,1.005587,Large,Square,258.0,158.0,-0.394413,Square,1.556913,False,False,False,Measured options; classifications and margins computed. Current placed template only; all-template local audit is separate.,s-20261007-235716-emulator-5560/0040-collect-pixel35-4x3
Pixel API35 emulator,35,com.google.android.apps.nexuslauncher,4x3,portrait,360.0,208.0,676.0,358.0,"[[""360.38095"", ""358.85715""], [""360.38095"", ""344.0""], [""676.5714"", ""208.38095""], [""676.5714"", ""208.38095""]]",landscapeLike,676.0,208.0,3.25,Large,Large,108.0,8.0,1.85,Large,0.6875,True,False,False,Measured options; classifications and margins computed. Current placed template only; all-template local audit is separate.,s-20261007-235716-emulator-5560/0040-collect-pixel35-4x3
Pixel API35 emulator,35,com.google.android.apps.nexuslauncher,4x3,portrait,360.0,208.0,676.0,358.0,"[[""360.38095"", ""358.85715""], [""360.38095"", ""344.0""], [""676.5714"", ""208.38095""], [""676.5714"", ""208.38095""]]",reported[0],360.38095,358.85715,1.004246,Large,Square,258.857,158.857,-0.395754,Square,1.558254,False,False,False,Measured options; classifications and margins computed. Current placed template only; all-template local audit is separate.,s-20261007-235716-emulator-5560/0040-collect-pixel35-4x3
Pixel API35 emulator,35,com.google.android.apps.nexuslauncher,4x3,portrait,360.0,208.0,676.0,358.0,"[[""360.38095"", ""358.85715""], [""360.38095"", ""344.0""], [""676.5714"", ""208.38095""], [""676.5714"", ""208.38095""]]",reported[1],360.38095,344.0,1.047619,Large,Square,244.0,144.0,-0.352381,Square,1.514881,False,False,False,Measured options; classifications and margins computed. Current placed template only; all-template local audit is separate.,s-20261007-235716-emulator-5560/0040-collect-pixel35-4x3
Pixel API35 emulator,35,com.google.android.apps.nexuslauncher,4x3,portrait,360.0,208.0,676.0,358.0,"[[""360.38095"", ""358.85715""], [""360.38095"", ""344.0""], [""676.5714"", ""208.38095""], [""676.5714"", ""208.38095""]]",reported[2],676.5714,208.38095,3.246801,Large,Large,108.381,8.381,1.846801,Large,0.684301,False,False,False,Measured options; classifications and margins computed. Current placed template only; all-template local audit is separate.,s-20261007-235716-emulator-5560/0040-collect-pixel35-4x3
Pixel API35 emulator,35,com.google.android.apps.nexuslauncher,4x3,portrait,360.0,208.0,676.0,358.0,"[[""360.38095"", ""358.85715""], [""360.38095"", ""344.0""], [""676.5714"", ""208.38095""], [""676.5714"", ""208.38095""]]",reported[3],676.5714,208.38095,3.246801,Large,Large,108.381,8.381,1.846801,Large,0.684301,False,False,False,Measured options; classifications and margins computed. Current placed template only; all-template local audit is separate.,s-20261007-235716-emulator-5560/0040-collect-pixel35-4x3
Pixel API35 emulator,35,com.google.android.apps.nexuslauncher,4x4,portrait,360.0,281.0,676.0,483.0,"[[""360.38095"", ""483.8095""], [""360.38095"", ""464.0""], [""676.5714"", ""281.14285""], [""676.5714"", ""281.14285""]]",minPair,360.0,281.0,1.281139,Square,Square,181.0,81.0,-0.118861,Square,1.281361,False,False,False,Measured options; classifications and margins computed. Current placed template only; all-template local audit is separate.,s-20261007-235716-emulator-5560/0052-collect-pixel35-4x4
Pixel API35 emulator,35,com.google.android.apps.nexuslauncher,4x4,portrait,360.0,281.0,676.0,483.0,"[[""360.38095"", ""483.8095""], [""360.38095"", ""464.0""], [""676.5714"", ""281.14285""], [""676.5714"", ""281.14285""]]",maxPair,676.0,483.0,1.399586,Square,Square,383.0,283.0,-0.000414,Square,1.162914,False,False,False,Measured options; classifications and margins computed. Current placed template only; all-template local audit is separate.,s-20261007-235716-emulator-5560/0052-collect-pixel35-4x4
Pixel API35 emulator,35,com.google.android.apps.nexuslauncher,4x4,portrait,360.0,281.0,676.0,483.0,"[[""360.38095"", ""483.8095""], [""360.38095"", ""464.0""], [""676.5714"", ""281.14285""], [""676.5714"", ""281.14285""]]",portraitLike,360.0,483.0,0.745342,Square,Square,383.0,283.0,-0.654658,Square,1.817158,False,False,False,Measured options; classifications and margins computed. Current placed template only; all-template local audit is separate.,s-20261007-235716-emulator-5560/0052-collect-pixel35-4x4
Pixel API35 emulator,35,com.google.android.apps.nexuslauncher,4x4,portrait,360.0,281.0,676.0,483.0,"[[""360.38095"", ""483.8095""], [""360.38095"", ""464.0""], [""676.5714"", ""281.14285""], [""676.5714"", ""281.14285""]]",landscapeLike,676.0,281.0,2.405694,Square,Large,181.0,81.0,1.005694,Square,0.156806,True,False,False,Measured options; classifications and margins computed. Current placed template only; all-template local audit is separate.,s-20261007-235716-emulator-5560/0052-collect-pixel35-4x4
Pixel API35 emulator,35,com.google.android.apps.nexuslauncher,4x4,portrait,360.0,281.0,676.0,483.0,"[[""360.38095"", ""483.8095""], [""360.38095"", ""464.0""], [""676.5714"", ""281.14285""], [""676.5714"", ""281.14285""]]",reported[0],360.38095,483.8095,0.744882,Square,Square,383.81,283.81,-0.655118,Square,1.817618,False,False,False,Measured options; classifications and margins computed. Current placed template only; all-template local audit is separate.,s-20261007-235716-emulator-5560/0052-collect-pixel35-4x4
Pixel API35 emulator,35,com.google.android.apps.nexuslauncher,4x4,portrait,360.0,281.0,676.0,483.0,"[[""360.38095"", ""483.8095""], [""360.38095"", ""464.0""], [""676.5714"", ""281.14285""], [""676.5714"", ""281.14285""]]",reported[1],360.38095,464.0,0.776683,Square,Square,364.0,264.0,-0.623317,Square,1.785817,False,False,False,Measured options; classifications and margins computed. Current placed template only; all-template local audit is separate.,s-20261007-235716-emulator-5560/0052-collect-pixel35-4x4
Pixel API35 emulator,35,com.google.android.apps.nexuslauncher,4x4,portrait,360.0,281.0,676.0,483.0,"[[""360.38095"", ""483.8095""], [""360.38095"", ""464.0""], [""676.5714"", ""281.14285""], [""676.5714"", ""281.14285""]]",reported[2],676.5714,281.14285,2.406504,Square,Large,181.143,81.143,1.006504,Square,0.155996,False,False,False,Measured options; classifications and margins computed. Current placed template only; all-template local audit is separate.,s-20261007-235716-emulator-5560/0052-collect-pixel35-4x4
Pixel API35 emulator,35,com.google.android.apps.nexuslauncher,4x4,portrait,360.0,281.0,676.0,483.0,"[[""360.38095"", ""483.8095""], [""360.38095"", ""464.0""], [""676.5714"", ""281.14285""], [""676.5714"", ""281.14285""]]",reported[3],676.5714,281.14285,2.406504,Square,Large,181.143,81.143,1.006504,Square,0.155996,False,False,False,Measured options; classifications and margins computed. Current placed template only; all-template local audit is separate.,s-20261007-235716-emulator-5560/0052-collect-pixel35-4x4
